tipo_registo,fluxo,ano,periodo,cenario,seccao_sh,continente,pais,latitude,longitude,provincia,indice,cobertura,exportacoes_mil_usd,importacoes_mil_usd,saldo_mil_usd,valor_mil_usd
indice,EXP,2022,,raw,,,,,,,100,,,,,
indice,EXP,2022,,400,,,,,,,100,,,,,
indice,EXP,2022,,300,,,,,,,100,,,,,
indice,EXP,2022,,200,,,,,,,100,,,,,
indice,EXP,2022,,100,,,,,,,100,,,,,
indice,EXP,2022,,raw,1,,,,,,100,,,,,
indice,EXP,2022,,400,1,,,,,,100,,,,,
indice,EXP,2022,,300,1,,,,,,100,,,,,
indice,EXP,2022,,200,1,,,,,,100,,,,,
indice,EXP,2022,,100,1,,,,,,100,,,,,
indice,EXP,2022,,raw,2,,,,,,100,,,,,
indice,EXP,2022,,400,2,,,,,,100,,,,,
indice,EXP,2022,,300,2,,,,,,100,,,,,
indice,EXP,2022,,200,2,,,,,,100,,,,,
indice,EXP,2022,,100,2,,,,,,100,,,,,
indice,EXP,2022,,raw,3,,,,,,100,,,,,
indice,EXP,2022,,400,3,,,,,,100,,,,,
indice,EXP,2022,,300,3,,,,,,100,,,,,
indice,EXP,2022,,200,3,,,,,,100,,,,,
indice,EXP,2022,,100,3,,,,,,100,,,,,
indice,EXP,2022,,raw,4,,,,,,100,,,,,
indice,EXP,2022,,400,4,,,,,,100,,,,,
indice,EXP,2022,,300,4,,,,,,100,,,,,
indice,EXP,2022,,200,4,,,,,,100,,,,,
indice,EXP,2022,,100,4,,,,,,100,,,,,
indice,EXP,2022,,raw,5,,,,,,100,,,,,
indice,EXP,2022,,400,5,,,,,,100,,,,,
indice,EXP,2022,,300,5,,,,,,100,,,,,
indice,EXP,2022,,200,5,,,,,,100,,,,,
indice,EXP,2022,,100,5,,,,,,100,,,,,
indice,EXP,2022,,raw,6,,,,,,100,,,,,
indice,EXP,2022,,400,6,,,,,,100,,,,,
indice,EXP,2022,,300,6,,,,,,100,,,,,
indice,EXP,2022,,200,6,,,,,,100,,,,,
indice,EXP,2022,,100,6,,,,,,100,,,,,
indice,EXP,2022,,raw,7,,,,,,100,,,,,
indice,EXP,2022,,400,7,,,,,,100,,,,,
indice,EXP,2022,,300,7,,,,,,100,,,,,
indice,EXP,2022,,200,7,,,,,,100,,,,,
indice,EXP,2022,,100,7,,,,,,100,,,,,
indice,EXP,2022,,raw,8,,,,,,100,,,,,
indice,EXP,2022,,400,8,,,,,,100,,,,,
indice,EXP,2022,,300,8,,,,,,100,,,,,
indice,EXP,2022,,200,8,,,,,,100,,,,,
indice,EXP,2022,,100,8,,,,,,100,,,,,
indice,EXP,2022,,raw,9,,,,,,100,,,,,
indice,EXP,2022,,400,9,,,,,,100,,,,,
indice,EXP,2022,,300,9,,,,,,100,,,,,
indice,EXP,2022,,200,9,,,,,,100,,,,,
indice,EXP,2022,,100,9,,,,,,100,,,,,
indice,EXP,2022,,raw,10,,,,,,100,,,,,
indice,EXP,2022,,400,10,,,,,,100,,,,,
indice,EXP,2022,,300,10,,,,,,100,,,,,
indice,EXP,2022,,200,10,,,,,,100,,,,,
indice,EXP,2022,,100,10,,,,,,100,,,,,
indice,EXP,2022,,raw,11,,,,,,100,,,,,
indice,EXP,2022,,400,11,,,,,,100,,,,,
indice,EXP,2022,,300,11,,,,,,100,,,,,
indice,EXP,2022,,200,11,,,,,,100,,,,,
indice,EXP,2022,,100,11,,,,,,100,,,,,
indice,EXP,2022,,raw,12,,,,,,100,,,,,
indice,EXP,2022,,400,12,,,,,,100,,,,,
indice,EXP,2022,,300,12,,,,,,100,,,,,
indice,EXP,2022,,200,12,,,,,,100,,,,,
indice,EXP,2022,,100,12,,,,,,100,,,,,
indice,EXP,2022,,raw,13,,,,,,100,,,,,
indice,EXP,2022,,400,13,,,,,,100,,,,,
indice,EXP,2022,,300,13,,,,,,100,,,,,
indice,EXP,2022,,200,13,,,,,,100,,,,,
indice,EXP,2022,,100,13,,,,,,100,,,,,
indice,EXP,2022,,raw,14,,,,,,100,,,,,
indice,EXP,2022,,400,14,,,,,,100,,,,,
indice,EXP,2022,,300,14,,,,,,100,,,,,
indice,EXP,2022,,200,14,,,,,,100,,,,,
indice,EXP,2022,,100,14,,,,,,100,,,,,
indice,EXP,2022,,raw,15,,,,,,100,,,,,
indice,EXP,2022,,400,15,,,,,,100,,,,,
indice,EXP,2022,,300,15,,,,,,100,,,,,
indice,EXP,2022,,200,15,,,,,,100,,,,,
indice,EXP,2022,,100,15,,,,,,100,,,,,
indice,EXP,2022,,raw,16,,,,,,100,,,,,
indice,EXP,2022,,400,16,,,,,,100,,,,,
indice,EXP,2022,,300,16,,,,,,100,,,,,
indice,EXP,2022,,200,16,,,,,,100,,,,,
indice,EXP,2022,,100,16,,,,,,100,,,,,
indice,EXP,2022,,raw,17,,,,,,100,,,,,
indice,EXP,2022,,400,17,,,,,,100,,,,,
indice,EXP,2022,,300,17,,,,,,100,,,,,
indice,EXP,2022,,200,17,,,,,,100,,,,,
indice,EXP,2022,,100,17,,,,,,100,,,,,
indice,EXP,2022,,raw,18,,,,,,100,,,,,
indice,EXP,2022,,400,18,,,,,,100,,,,,
indice,EXP,2022,,300,18,,,,,,100,,,,,
indice,EXP,2022,,200,18,,,,,,100,,,,,
indice,EXP,2022,,100,18,,,,,,100,,,,,
indice,EXP,2022,,raw,19,,,,,,100,,,,,
indice,EXP,2022,,400,19,,,,,,100,,,,,
indice,EXP,2022,,300,19,,,,,,100,,,,,
indice,EXP,2022,,200,19,,,,,,100,,,,,
indice,EXP,2022,,100,19,,,,,,100,,,,,
indice,EXP,2022,,raw,20,,,,,,100,,,,,
indice,EXP,2022,,400,20,,,,,,100,,,,,
indice,EXP,2022,,300,20,,,,,,100,,,,,
indice,EXP,2022,,200,20,,,,,,100,,,,,
indice,EXP,2022,,100,20,,,,,,100,,,,,
indice,EXP,2022,,raw,21,,,,,,100,,,,,
indice,EXP,2022,,400,21,,,,,,100,,,,,
indice,EXP,2022,,300,21,,,,,,100,,,,,
indice,EXP,2022,,200,21,,,,,,100,,,,,
indice,EXP,2022,,100,21,,,,,,100,,,,,
indice,EXP,2023,,raw,,,,,,,72030673.87,,,,,
indice,EXP,2023,,400,,,,,,,357.76,,,,,
indice,EXP,2023,,300,,,,,,,271.49,,,,,
indice,EXP,2023,,200,,,,,,,184.9,,,,,
indice,EXP,2023,,100,,,,,,,97.09,,,,,
indice,EXP,2023,,raw,1,,,,,,2027514.88,,,,,
indice,EXP,2023,,400,1,,,,,,309.48,,,,,
indice,EXP,2023,,300,1,,,,,,241.94,,,,,
indice,EXP,2023,,200,1,,,,,,170.25,,,,,
indice,EXP,2023,,100,1,,,,,,96.33,,,,,
indice,EXP,2023,,raw,2,,,,,,140835.44,,,,,
indice,EXP,2023,,400,2,,,,,,297.24,,,,,
indice,EXP,2023,,300,2,,,,,,235.31,,,,,
indice,EXP,2023,,200,2,,,,,,172.93,,,,,
indice,EXP,2023,,100,2,,,,,,97.06,,,,,
indice,EXP,2023,,raw,3,,,,,,2153866.07,,,,,
indice,EXP,2023,,400,3,,,,,,308.49,,,,,
indice,EXP,2023,,300,3,,,,,,235.36,,,,,
indice,EXP,2023,,200,3,,,,,,162.22,,,,,
indice,EXP,2023,,100,3,,,,,,85.85,,,,,
indice,EXP,2023,,raw,4,,,,,,3112078.16,,,,,
indice,EXP,2023,,400,4,,,,,,302.33,,,,,
indice,EXP,2023,,300,4,,,,,,234.53,,,,,
indice,EXP,2023,,200,4,,,,,,166.4,,,,,
indice,EXP,2023,,100,4,,,,,,97.15,,,,,
indice,EXP,2023,,raw,5,,,,,,99612584.98,,,,,
indice,EXP,2023,,400,5,,,,,,363.2,,,,,
indice,EXP,2023,,300,5,,,,,,274.75,,,,,
indice,EXP,2023,,200,5,,,,,,186.29,,,,,
indice,EXP,2023,,100,5,,,,,,97.54,,,,,
indice,EXP,2023,,raw,6,,,,,,51194.67,,,,,
indice,EXP,2023,,400,6,,,,,,270.85,,,,,
indice,EXP,2023,,300,6,,,,,,212.42,,,,,
indice,EXP,2023,,200,6,,,,,,152.57,,,,,
indice,EXP,2023,,100,6,,,,,,89.96,,,,,
indice,EXP,2023,,raw,7,,,,,,6453.15,,,,,
indice,EXP,2023,,400,7,,,,,,237.59,,,,,
indice,EXP,2023,,300,7,,,,,,185.08,,,,,
indice,EXP,2023,,200,7,,,,,,131.76,,,,,
indice,EXP,2023,,100,7,,,,,,77.57,,,,,
indice,EXP,2023,,raw,8,,,,,,49.66,,,,,
indice,EXP,2023,,400,8,,,,,,55.52,,,,,
indice,EXP,2023,,300,8,,,,,,55.41,,,,,
indice,EXP,2023,,200,8,,,,,,51.02,,,,,
indice,EXP,2023,,100,8,,,,,,42.96,,,,,
indice,EXP,2023,,raw,9,,,,,,318661.88,,,,,
indice,EXP,2023,,400,9,,,,,,326.28,,,,,
indice,EXP,2023,,300,9,,,,,,255.14,,,,,
indice,EXP,2023,,200,9,,,,,,177.09,,,,,
indice,EXP,2023,,100,9,,,,,,96.17,,,,,
indice,EXP,2023,,raw,10,,,,,,1268121.55,,,,,
indice,EXP,2023,,400,10,,,,,,332.36,,,,,
indice,EXP,2023,,300,10,,,,,,256.44,,,,,
indice,EXP,2023,,200,10,,,,,,176.73,,,,,
indice,EXP,2023,,100,10,,,,,,91.57,,,,,
indice,EXP,2023,,raw,11,,,,,,51912.71,,,,,
indice,EXP,2023,,400,11,,,,,,217.12,,,,,
indice,EXP,2023,,300,11,,,,,,176.4,,,,,
indice,EXP,2023,,200,11,,,,,,134.06,,,,,
indice,EXP,2023,,100,11,,,,,,86.1,,,,,
indice,EXP,2023,,raw,12,,,,,,3914949.63,,,,,
indice,EXP,2023,,400,12,,,,,,399.38,,,,,
indice,EXP,2023,,300,12,,,,,,299.56,,,,,
indice,EXP,2023,,200,12,,,,,,199.74,,,,,
indice,EXP,2023,,100,12,,,,,,99.9,,,,,
indice,EXP,2023,,raw,13,,,,,,48634.16,,,,,
indice,EXP,2023,,400,13,,,,,,284.66,,,,,
indice,EXP,2023,,300,13,,,,,,227.38,,,,,
indice,EXP,2023,,200,13,,,,,,162.77,,,,,
indice,EXP,2023,,100,13,,,,,,87.51,,,,,
indice,EXP,2023,,raw,14,,,,,,98293.02,,,,,
indice,EXP,2023,,400,14,,,,,,391.7,,,,,
indice,EXP,2023,,300,14,,,,,,294.57,,,,,
indice,EXP,2023,,200,14,,,,,,197.45,,,,,
indice,EXP,2023,,100,14,,,,,,99.98,,,,,
indice,EXP,2023,,raw,15,,,,,,846425.02,,,,,
indice,EXP,2023,,400,15,,,,,,378,,,,,
indice,EXP,2023,,300,15,,,,,,285.8,,,,,
indice,EXP,2023,,200,15,,,,,,192.22,,,,,
indice,EXP,2023,,100,15,,,,,,97.86,,,,,
indice,EXP,2023,,raw,16,,,,,,48908.79,,,,,
indice,EXP,2023,,400,16,,,,,,181.4,,,,,
indice,EXP,2023,,300,16,,,,,,143.8,,,,,
indice,EXP,2023,,200,16,,,,,,105.68,,,,,
indice,EXP,2023,,100,16,,,,,,66.51,,,,,
indice,EXP,2023,,raw,17,,,,,,316363.4,,,,,
indice,EXP,2023,,400,17,,,,,,186.83,,,,,
indice,EXP,2023,,300,17,,,,,,149.46,,,,,
indice,EXP,2023,,200,17,,,,,,110.6,,,,,
indice,EXP,2023,,100,17,,,,,,66.92,,,,,
indice,EXP,2023,,raw,18,,,,,,104.32,,,,,
indice,EXP,2023,,400,18,,,,,,47.77,,,,,
indice,EXP,2023,,300,18,,,,,,44.99,,,,,
indice,EXP,2023,,200,18,,,,,,41.34,,,,,
indice,EXP,2023,,100,18,,,,,,35.69,,,,,
indice,EXP,2023,,raw,19,,,,,,,,,,,
indice,EXP,2023,,400,19,,,,,,,,,,,
indice,EXP,2023,,300,19,,,,,,,,,,,
indice,EXP,2023,,200,19,,,,,,,,,,,
indice,EXP,2023,,100,19,,,,,,,,,,,
indice,EXP,2023,,raw,20,,,,,,770.81,,,,,
indice,EXP,2023,,400,20,,,,,,218.88,,,,,
indice,EXP,2023,,300,20,,,,,,176.05,,,,,
indice,EXP,2023,,200,20,,,,,,125.76,,,,,
indice,EXP,2023,,100,20,,,,,,73.13,,,,,
indice,EXP,2023,,raw,21,,,,,,46.5,,,,,
indice,EXP,2023,,400,21,,,,,,46.34,,,,,
indice,EXP,2023,,300,21,,,,,,46.12,,,,,
indice,EXP,2023,,200,21,,,,,,45.81,,,,,
indice,EXP,2023,,100,21,,,,,,45.12,,,,,
indice,EXP,2024,,raw,,,,,,,20149342.66,,,,,
indice,EXP,2024,,400,,,,,,,364.65,,,,,
indice,EXP,2024,,300,,,,,,,276.31,,,,,
indice,EXP,2024,,200,,,,,,,187.66,,,,,
indice,EXP,2024,,100,,,,,,,96.41,,,,,
indice,EXP,2024,,raw,1,,,,,,176230.72,,,,,
indice,EXP,2024,,400,1,,,,,,311.98,,,,,
indice,EXP,2024,,300,1,,,,,,241.57,,,,,
indice,EXP,2024,,200,1,,,,,,170.65,,,,,
indice,EXP,2024,,100,1,,,,,,97.25,,,,,
indice,EXP,2024,,raw,2,,,,,,68240.87,,,,,
indice,EXP,2024,,400,2,,,,,,266.35,,,,,
indice,EXP,2024,,300,2,,,,,,219.05,,,,,
indice,EXP,2024,,200,2,,,,,,171.25,,,,,
indice,EXP,2024,,100,2,,,,,,97.65,,,,,
indice,EXP,2024,,raw,3,,,,,,452506.09,,,,,
indice,EXP,2024,,400,3,,,,,,366.87,,,,,
indice,EXP,2024,,300,3,,,,,,276.63,,,,,
indice,EXP,2024,,200,3,,,,,,186.39,,,,,
indice,EXP,2024,,100,3,,,,,,95.78,,,,,
indice,EXP,2024,,raw,4,,,,,,150819.56,,,,,
indice,EXP,2024,,400,4,,,,,,342.48,,,,,
indice,EXP,2024,,300,4,,,,,,259.89,,,,,
indice,EXP,2024,,200,4,,,,,,176.94,,,,,
indice,EXP,2024,,100,4,,,,,,93.78,,,,,
indice,EXP,2024,,raw,5,,,,,,22442303.02,,,,,
indice,EXP,2024,,400,5,,,,,,371.63,,,,,
indice,EXP,2024,,300,5,,,,,,280.55,,,,,
indice,EXP,2024,,200,5,,,,,,189.38,,,,,
indice,EXP,2024,,100,5,,,,,,96.57,,,,,
indice,EXP,2024,,raw,6,,,,,,31329.96,,,,,
indice,EXP,2024,,400,6,,,,,,244.89,,,,,
indice,EXP,2024,,300,6,,,,,,197.92,,,,,
indice,EXP,2024,,200,6,,,,,,148.87,,,,,
indice,EXP,2024,,100,6,,,,,,89.77,,,,,
indice,EXP,2024,,raw,7,,,,,,383.27,,,,,
indice,EXP,2024,,400,7,,,,,,124.33,,,,,
indice,EXP,2024,,300,7,,,,,,105.08,,,,,
indice,EXP,2024,,200,7,,,,,,85.55,,,,,
indice,EXP,2024,,100,7,,,,,,59.38,,,,,
indice,EXP,2024,,raw,8,,,,,,2143.24,,,,,
indice,EXP,2024,,400,8,,,,,,127.86,,,,,
indice,EXP,2024,,300,8,,,,,,105.59,,,,,
indice,EXP,2024,,200,8,,,,,,82.2,,,,,
indice,EXP,2024,,100,8,,,,,,56.53,,,,,
indice,EXP,2024,,raw,9,,,,,,47018.39,,,,,
indice,EXP,2024,,400,9,,,,,,311.31,,,,,
indice,EXP,2024,,300,9,,,,,,247.4,,,,,
indice,EXP,2024,,200,9,,,,,,182.4,,,,,
indice,EXP,2024,,100,9,,,,,,98.91,,,,,
indice,EXP,2024,,raw,10,,,,,,238343.94,,,,,
indice,EXP,2024,,400,10,,,,,,296.03,,,,,
indice,EXP,2024,,300,10,,,,,,225.81,,,,,
indice,EXP,2024,,200,10,,,,,,155.58,,,,,
indice,EXP,2024,,100,10,,,,,,85.35,,,,,
indice,EXP,2024,,raw,11,,,,,,56508.32,,,,,
indice,EXP,2024,,400,11,,,,,,217.9,,,,,
indice,EXP,2024,,300,11,,,,,,175.21,,,,,
indice,EXP,2024,,200,11,,,,,,132.47,,,,,
indice,EXP,2024,,100,11,,,,,,88.97,,,,,
indice,EXP,2024,,raw,12,,,,,,2634115.84,,,,,
indice,EXP,2024,,400,12,,,,,,399.68,,,,,
indice,EXP,2024,,300,12,,,,,,299.77,,,,,
indice,EXP,2024,,200,12,,,,,,199.86,,,,,
indice,EXP,2024,,100,12,,,,,,99.95,,,,,
indice,EXP,2024,,raw,13,,,,,,34756.64,,,,,
indice,EXP,2024,,400,13,,,,,,260.23,,,,,
indice,EXP,2024,,300,13,,,,,,204.63,,,,,
indice,EXP,2024,,200,13,,,,,,148.41,,,,,
indice,EXP,2024,,100,13,,,,,,83.6,,,,,
indice,EXP,2024,,raw,14,,,,,,179475713.98,,,,,
indice,EXP,2024,,400,14,,,,,,384.51,,,,,
indice,EXP,2024,,300,14,,,,,,290.24,,,,,
indice,EXP,2024,,200,14,,,,,,195.98,,,,,
indice,EXP,2024,,100,14,,,,,,99.97,,,,,
indice,EXP,2024,,raw,15,,,,,,2105053.37,,,,,
indice,EXP,2024,,400,15,,,,,,373.92,,,,,
indice,EXP,2024,,300,15,,,,,,283.97,,,,,
indice,EXP,2024,,200,15,,,,,,191.56,,,,,
indice,EXP,2024,,100,15,,,,,,98.03,,,,,
indice,EXP,2024,,raw,16,,,,,,467964.3,,,,,
indice,EXP,2024,,400,16,,,,,,229.38,,,,,
indice,EXP,2024,,300,16,,,,,,180.06,,,,,
indice,EXP,2024,,200,16,,,,,,130.09,,,,,
indice,EXP,2024,,100,16,,,,,,72.89,,,,,
indice,EXP,2024,,raw,17,,,,,,68702.09,,,,,
indice,EXP,2024,,400,17,,,,,,171.28,,,,,
indice,EXP,2024,,300,17,,,,,,137.28,,,,,
indice,EXP,2024,,200,17,,,,,,102.67,,,,,
indice,EXP,2024,,100,17,,,,,,62.97,,,,,
indice,EXP,2024,,raw,18,,,,,,268.85,,,,,
indice,EXP,2024,,400,18,,,,,,155.77,,,,,
indice,EXP,2024,,300,18,,,,,,124.99,,,,,
indice,EXP,2024,,200,18,,,,,,92.37,,,,,
indice,EXP,2024,,100,18,,,,,,57.03,,,,,
indice,EXP,2024,,raw,19,,,,,,,,,,,
indice,EXP,2024,,400,19,,,,,,,,,,,
indice,EXP,2024,,300,19,,,,,,,,,,,
indice,EXP,2024,,200,19,,,,,,,,,,,
indice,EXP,2024,,100,19,,,,,,,,,,,
indice,EXP,2024,,raw,20,,,,,,481.67,,,,,
indice,EXP,2024,,400,20,,,,,,250.71,,,,,
indice,EXP,2024,,300,20,,,,,,204.8,,,,,
indice,EXP,2024,,200,20,,,,,,141.35,,,,,
indice,EXP,2024,,100,20,,,,,,76.83,,,,,
indice,EXP,2024,,raw,21,,,,,,90.89,,,,,
indice,EXP,2024,,400,21,,,,,,88.96,,,,,
indice,EXP,2024,,300,21,,,,,,88.72,,,,,
indice,EXP,2024,,200,21,,,,,,88.48,,,,,
indice,EXP,2024,,100,21,,,,,,80.15,,,,,
indice,EXP,2025,,raw,,,,,,,21702077.57,,,,,
indice,EXP,2025,,400,,,,,,,374.8,,,,,
indice,EXP,2025,,300,,,,,,,282.93,,,,,
indice,EXP,2025,,200,,,,,,,190.76,,,,,
indice,EXP,2025,,100,,,,,,,97.47,,,,,
indice,EXP,2025,,raw,1,,,,,,102117.4,,,,,
indice,EXP,2025,,400,1,,,,,,239.25,,,,,
indice,EXP,2025,,300,1,,,,,,195.99,,,,,
indice,EXP,2025,,200,1,,,,,,148.53,,,,,
indice,EXP,2025,,100,1,,,,,,92.61,,,,,
indice,EXP,2025,,raw,2,,,,,,110923.86,,,,,
indice,EXP,2025,,400,2,,,,,,306.32,,,,,
indice,EXP,2025,,300,2,,,,,,240.63,,,,,
indice,EXP,2025,,200,2,,,,,,174.78,,,,,
indice,EXP,2025,,100,2,,,,,,99.01,,,,,
indice,EXP,2025,,raw,3,,,,,,246333.61,,,,,
indice,EXP,2025,,400,3,,,,,,353.8,,,,,
indice,EXP,2025,,300,3,,,,,,266.82,,,,,
indice,EXP,2025,,200,3,,,,,,179.83,,,,,
indice,EXP,2025,,100,3,,,,,,92.1,,,,,
indice,EXP,2025,,raw,4,,,,,,119329.8,,,,,
indice,EXP,2025,,400,4,,,,,,302.53,,,,,
indice,EXP,2025,,300,4,,,,,,235.97,,,,,
indice,EXP,2025,,200,4,,,,,,169.23,,,,,
indice,EXP,2025,,100,4,,,,,,96.87,,,,,
indice,EXP,2025,,raw,5,,,,,,26683357.27,,,,,
indice,EXP,2025,,400,5,,,,,,376.93,,,,,
indice,EXP,2025,,300,5,,,,,,284.19,,,,,
indice,EXP,2025,,200,5,,,,,,191.12,,,,,
indice,EXP,2025,,100,5,,,,,,97.28,,,,,
indice,EXP,2025,,raw,6,,,,,,211543.62,,,,,
indice,EXP,2025,,400,6,,,,,,241.13,,,,,
indice,EXP,2025,,300,6,,,,,,193.22,,,,,
indice,EXP,2025,,200,6,,,,,,142.85,,,,,
indice,EXP,2025,,100,6,,,,,,86.37,,,,,
indice,EXP,2025,,raw,7,,,,,,2567.17,,,,,
indice,EXP,2025,,400,7,,,,,,169.29,,,,,
indice,EXP,2025,,300,7,,,,,,138.11,,,,,
indice,EXP,2025,,200,7,,,,,,106.88,,,,,
indice,EXP,2025,,100,7,,,,,,71.65,,,,,
indice,EXP,2025,,raw,8,,,,,,214.29,,,,,
indice,EXP,2025,,400,8,,,,,,69.08,,,,,
indice,EXP,2025,,300,8,,,,,,59.85,,,,,
indice,EXP,2025,,200,8,,,,,,50.61,,,,,
indice,EXP,2025,,100,8,,,,,,38.67,,,,,
indice,EXP,2025,,raw,9,,,,,,25383.52,,,,,
indice,EXP,2025,,400,9,,,,,,247.53,,,,,
indice,EXP,2025,,300,9,,,,,,194.96,,,,,
indice,EXP,2025,,200,9,,,,,,141.96,,,,,
indice,EXP,2025,,100,9,,,,,,87.6,,,,,
indice,EXP,2025,,raw,10,,,,,,5633337.2,,,,,
indice,EXP,2025,,400,10,,,,,,268.52,,,,,
indice,EXP,2025,,300,10,,,,,,207.85,,,,,
indice,EXP,2025,,200,10,,,,,,146.91,,,,,
indice,EXP,2025,,100,10,,,,,,82.34,,,,,
indice,EXP,2025,,raw,11,,,,,,2042111.53,,,,,
indice,EXP,2025,,400,11,,,,,,304.97,,,,,
indice,EXP,2025,,300,11,,,,,,233.93,,,,,
indice,EXP,2025,,200,11,,,,,,162.72,,,,,
indice,EXP,2025,,100,11,,,,,,90.89,,,,,
indice,EXP,2025,,raw,12,,,,,,4522931.61,,,,,
indice,EXP,2025,,400,12,,,,,,399.54,,,,,
indice,EXP,2025,,300,12,,,,,,299.68,,,,,
indice,EXP,2025,,200,12,,,,,,199.83,,,,,
indice,EXP,2025,,100,12,,,,,,99.94,,,,,
indice,EXP,2025,,raw,13,,,,,,214103.7,,,,,
indice,EXP,2025,,400,13,,,,,,284.83,,,,,
indice,EXP,2025,,300,13,,,,,,226.57,,,,,
indice,EXP,2025,,200,13,,,,,,165.29,,,,,
indice,EXP,2025,,100,13,,,,,,86.64,,,,,
indice,EXP,2025,,raw,14,,,,,,229654142.92,,,,,
indice,EXP,2025,,400,14,,,,,,386.96,,,,,
indice,EXP,2025,,300,14,,,,,,292.71,,,,,
indice,EXP,2025,,200,14,,,,,,198.46,,,,,
indice,EXP,2025,,100,14,,,,,,99.95,,,,,
indice,EXP,2025,,raw,15,,,,,,4763076.6,,,,,
indice,EXP,2025,,400,15,,,,,,392.02,,,,,
indice,EXP,2025,,300,15,,,,,,294.8,,,,,
indice,EXP,2025,,200,15,,,,,,197.54,,,,,
indice,EXP,2025,,100,15,,,,,,99.53,,,,,
indice,EXP,2025,,raw,16,,,,,,24531.59,,,,,
indice,EXP,2025,,400,16,,,,,,218.67,,,,,
indice,EXP,2025,,300,16,,,,,,174.28,,,,,
indice,EXP,2025,,200,16,,,,,,128.19,,,,,
indice,EXP,2025,,100,16,,,,,,77.71,,,,,
indice,EXP,2025,,raw,17,,,,,,490169,,,,,
indice,EXP,2025,,400,17,,,,,,241.16,,,,,
indice,EXP,2025,,300,17,,,,,,199.5,,,,,
indice,EXP,2025,,200,17,,,,,,147.5,,,,,
indice,EXP,2025,,100,17,,,,,,86.47,,,,,
indice,EXP,2025,,raw,18,,,,,,30.37,,,,,
indice,EXP,2025,,400,18,,,,,,44.68,,,,,
indice,EXP,2025,,300,18,,,,,,44.08,,,,,
indice,EXP,2025,,200,18,,,,,,40.3,,,,,
indice,EXP,2025,,100,18,,,,,,33.84,,,,,
indice,EXP,2025,,raw,19,,,,,,,,,,,
indice,EXP,2025,,400,19,,,,,,,,,,,
indice,EXP,2025,,300,19,,,,,,,,,,,
indice,EXP,2025,,200,19,,,,,,,,,,,
indice,EXP,2025,,100,19,,,,,,,,,,,
indice,EXP,2025,,raw,20,,,,,,534.58,,,,,
indice,EXP,2025,,400,20,,,,,,209.29,,,,,
indice,EXP,2025,,300,20,,,,,,171.6,,,,,
indice,EXP,2025,,200,20,,,,,,122.67,,,,,
indice,EXP,2025,,100,20,,,,,,70.69,,,,,
indice,EXP,2025,,raw,21,,,,,,92.37,,,,,
indice,EXP,2025,,400,21,,,,,,97.48,,,,,
indice,EXP,2025,,300,21,,,,,,97.28,,,,,
indice,EXP,2025,,200,21,,,,,,77.73,,,,,
indice,EXP,2025,,100,21,,,,,,53.1,,,,,
indice,IMP,2022,,raw,,,,,,,100,,,,,
indice,IMP,2022,,400,,,,,,,100,,,,,
indice,IMP,2022,,300,,,,,,,100,,,,,
indice,IMP,2022,,200,,,,,,,100,,,,,
indice,IMP,2022,,100,,,,,,,100,,,,,
indice,IMP,2022,,raw,1,,,,,,100,,,,,
indice,IMP,2022,,400,1,,,,,,100,,,,,
indice,IMP,2022,,300,1,,,,,,100,,,,,
indice,IMP,2022,,200,1,,,,,,100,,,,,
indice,IMP,2022,,100,1,,,,,,100,,,,,
indice,IMP,2022,,raw,2,,,,,,100,,,,,
indice,IMP,2022,,400,2,,,,,,100,,,,,
indice,IMP,2022,,300,2,,,,,,100,,,,,
indice,IMP,2022,,200,2,,,,,,100,,,,,
indice,IMP,2022,,100,2,,,,,,100,,,,,
indice,IMP,2022,,raw,3,,,,,,100,,,,,
indice,IMP,2022,,400,3,,,,,,100,,,,,
indice,IMP,2022,,300,3,,,,,,100,,,,,
indice,IMP,2022,,200,3,,,,,,100,,,,,
indice,IMP,2022,,100,3,,,,,,100,,,,,
indice,IMP,2022,,raw,4,,,,,,100,,,,,
indice,IMP,2022,,400,4,,,,,,100,,,,,
indice,IMP,2022,,300,4,,,,,,100,,,,,
indice,IMP,2022,,200,4,,,,,,100,,,,,
indice,IMP,2022,,100,4,,,,,,100,,,,,
indice,IMP,2022,,raw,5,,,,,,100,,,,,
indice,IMP,2022,,400,5,,,,,,100,,,,,
indice,IMP,2022,,300,5,,,,,,100,,,,,
indice,IMP,2022,,200,5,,,,,,100,,,,,
indice,IMP,2022,,100,5,,,,,,100,,,,,
indice,IMP,2022,,raw,6,,,,,,100,,,,,
indice,IMP,2022,,400,6,,,,,,100,,,,,
indice,IMP,2022,,300,6,,,,,,100,,,,,
indice,IMP,2022,,200,6,,,,,,100,,,,,
indice,IMP,2022,,100,6,,,,,,100,,,,,
indice,IMP,2022,,raw,7,,,,,,100,,,,,
indice,IMP,2022,,400,7,,,,,,100,,,,,
indice,IMP,2022,,300,7,,,,,,100,,,,,
indice,IMP,2022,,200,7,,,,,,100,,,,,
indice,IMP,2022,,100,7,,,,,,100,,,,,
indice,IMP,2022,,raw,8,,,,,,100,,,,,
indice,IMP,2022,,400,8,,,,,,100,,,,,
indice,IMP,2022,,300,8,,,,,,100,,,,,
indice,IMP,2022,,200,8,,,,,,100,,,,,
indice,IMP,2022,,100,8,,,,,,100,,,,,
indice,IMP,2022,,raw,9,,,,,,100,,,,,
indice,IMP,2022,,400,9,,,,,,100,,,,,
indice,IMP,2022,,300,9,,,,,,100,,,,,
indice,IMP,2022,,200,9,,,,,,100,,,,,
indice,IMP,2022,,100,9,,,,,,100,,,,,
indice,IMP,2022,,raw,10,,,,,,100,,,,,
indice,IMP,2022,,400,10,,,,,,100,,,,,
indice,IMP,2022,,300,10,,,,,,100,,,,,
indice,IMP,2022,,200,10,,,,,,100,,,,,
indice,IMP,2022,,100,10,,,,,,100,,,,,
indice,IMP,2022,,raw,11,,,,,,100,,,,,
indice,IMP,2022,,400,11,,,,,,100,,,,,
indice,IMP,2022,,300,11,,,,,,100,,,,,
indice,IMP,2022,,200,11,,,,,,100,,,,,
indice,IMP,2022,,100,11,,,,,,100,,,,,
indice,IMP,2022,,raw,12,,,,,,100,,,,,
indice,IMP,2022,,400,12,,,,,,100,,,,,
indice,IMP,2022,,300,12,,,,,,100,,,,,
indice,IMP,2022,,200,12,,,,,,100,,,,,
indice,IMP,2022,,100,12,,,,,,100,,,,,
indice,IMP,2022,,raw,13,,,,,,100,,,,,
indice,IMP,2022,,400,13,,,,,,100,,,,,
indice,IMP,2022,,300,13,,,,,,100,,,,,
indice,IMP,2022,,200,13,,,,,,100,,,,,
indice,IMP,2022,,100,13,,,,,,100,,,,,
indice,IMP,2022,,raw,14,,,,,,100,,,,,
indice,IMP,2022,,400,14,,,,,,100,,,,,
indice,IMP,2022,,300,14,,,,,,100,,,,,
indice,IMP,2022,,200,14,,,,,,100,,,,,
indice,IMP,2022,,100,14,,,,,,100,,,,,
indice,IMP,2022,,raw,15,,,,,,100,,,,,
indice,IMP,2022,,400,15,,,,,,100,,,,,
indice,IMP,2022,,300,15,,,,,,100,,,,,
indice,IMP,2022,,200,15,,,,,,100,,,,,
indice,IMP,2022,,100,15,,,,,,100,,,,,
indice,IMP,2022,,raw,16,,,,,,100,,,,,
indice,IMP,2022,,400,16,,,,,,100,,,,,
indice,IMP,2022,,300,16,,,,,,100,,,,,
indice,IMP,2022,,200,16,,,,,,100,,,,,
indice,IMP,2022,,100,16,,,,,,100,,,,,
indice,IMP,2022,,raw,17,,,,,,100,,,,,
indice,IMP,2022,,400,17,,,,,,100,,,,,
indice,IMP,2022,,300,17,,,,,,100,,,,,
indice,IMP,2022,,200,17,,,,,,100,,,,,
indice,IMP,2022,,100,17,,,,,,100,,,,,
indice,IMP,2022,,raw,18,,,,,,100,,,,,
indice,IMP,2022,,400,18,,,,,,100,,,,,
indice,IMP,2022,,300,18,,,,,,100,,,,,
indice,IMP,2022,,200,18,,,,,,100,,,,,
indice,IMP,2022,,100,18,,,,,,100,,,,,
indice,IMP,2022,,raw,19,,,,,,100,,,,,
indice,IMP,2022,,400,19,,,,,,100,,,,,
indice,IMP,2022,,300,19,,,,,,100,,,,,
indice,IMP,2022,,200,19,,,,,,100,,,,,
indice,IMP,2022,,100,19,,,,,,100,,,,,
indice,IMP,2022,,raw,20,,,,,,100,,,,,
indice,IMP,2022,,400,20,,,,,,100,,,,,
indice,IMP,2022,,300,20,,,,,,100,,,,,
indice,IMP,2022,,200,20,,,,,,100,,,,,
indice,IMP,2022,,100,20,,,,,,100,,,,,
indice,IMP,2022,,raw,21,,,,,,100,,,,,
indice,IMP,2022,,400,21,,,,,,100,,,,,
indice,IMP,2022,,300,21,,,,,,100,,,,,
indice,IMP,2022,,200,21,,,,,,100,,,,,
indice,IMP,2022,,100,21,,,,,,100,,,,,
indice,IMP,2023,,raw,,,,,,,3093429.77,,,,,
indice,IMP,2023,,400,,,,,,,265.76,,,,,
indice,IMP,2023,,300,,,,,,,208.02,,,,,
indice,IMP,2023,,200,,,,,,,148.08,,,,,
indice,IMP,2023,,100,,,,,,,84.51,,,,,
indice,IMP,2023,,raw,1,,,,,,3600.26,,,,,
indice,IMP,2023,,400,1,,,,,,175.56,,,,,
indice,IMP,2023,,300,1,,,,,,153.92,,,,,
indice,IMP,2023,,200,1,,,,,,121.31,,,,,
indice,IMP,2023,,100,1,,,,,,85.46,,,,,
indice,IMP,2023,,raw,2,,,,,,179559.84,,,,,
indice,IMP,2023,,400,2,,,,,,247.47,,,,,
indice,IMP,2023,,300,2,,,,,,195.24,,,,,
indice,IMP,2023,,200,2,,,,,,142.82,,,,,
indice,IMP,2023,,100,2,,,,,,89.52,,,,,
indice,IMP,2023,,raw,3,,,,,,3887.37,,,,,
indice,IMP,2023,,400,3,,,,,,247.47,,,,,
indice,IMP,2023,,300,3,,,,,,195.03,,,,,
indice,IMP,2023,,200,3,,,,,,142.29,,,,,
indice,IMP,2023,,100,3,,,,,,88.52,,,,,
indice,IMP,2023,,raw,4,,,,,,87166.69,,,,,
indice,IMP,2023,,400,4,,,,,,216.12,,,,,
indice,IMP,2023,,300,4,,,,,,175.91,,,,,
indice,IMP,2023,,200,4,,,,,,132.62,,,,,
indice,IMP,2023,,100,4,,,,,,84.56,,,,,
indice,IMP,2023,,raw,5,,,,,,2363675.2,,,,,
indice,IMP,2023,,400,5,,,,,,322.96,,,,,
indice,IMP,2023,,300,5,,,,,,248.61,,,,,
indice,IMP,2023,,200,5,,,,,,174.25,,,,,
indice,IMP,2023,,100,5,,,,,,98.03,,,,,
indice,IMP,2023,,raw,6,,,,,,9948369.99,,,,,
indice,IMP,2023,,400,6,,,,,,295.81,,,,,
indice,IMP,2023,,300,6,,,,,,235.59,,,,,
indice,IMP,2023,,200,6,,,,,,168.7,,,,,
indice,IMP,2023,,100,6,,,,,,94.16,,,,,
indice,IMP,2023,,raw,7,,,,,,122152.51,,,,,
indice,IMP,2023,,400,7,,,,,,205.01,,,,,
indice,IMP,2023,,300,7,,,,,,168.77,,,,,
indice,IMP,2023,,200,7,,,,,,132.09,,,,,
indice,IMP,2023,,100,7,,,,,,84.35,,,,,
indice,IMP,2023,,raw,8,,,,,,56.16,,,,,
indice,IMP,2023,,400,8,,,,,,63.17,,,,,
indice,IMP,2023,,300,8,,,,,,63.17,,,,,
indice,IMP,2023,,200,8,,,,,,63.16,,,,,
indice,IMP,2023,,100,8,,,,,,54.84,,,,,
indice,IMP,2023,,raw,9,,,,,,7163.54,,,,,
indice,IMP,2023,,400,9,,,,,,254.87,,,,,
indice,IMP,2023,,300,9,,,,,,214.31,,,,,
indice,IMP,2023,,200,9,,,,,,158.2,,,,,
indice,IMP,2023,,100,9,,,,,,89.48,,,,,
indice,IMP,2023,,raw,10,,,,,,1701150.6,,,,,
indice,IMP,2023,,400,10,,,,,,240.08,,,,,
indice,IMP,2023,,300,10,,,,,,191.35,,,,,
indice,IMP,2023,,200,10,,,,,,142.14,,,,,
indice,IMP,2023,,100,10,,,,,,87.84,,,,,
indice,IMP,2023,,raw,11,,,,,,7589.39,,,,,
indice,IMP,2023,,400,11,,,,,,138.59,,,,,
indice,IMP,2023,,300,11,,,,,,126.18,,,,,
indice,IMP,2023,,200,11,,,,,,111.97,,,,,
indice,IMP,2023,,100,11,,,,,,82.52,,,,,
indice,IMP,2023,,raw,12,,,,,,18345.03,,,,,
indice,IMP,2023,,400,12,,,,,,149.54,,,,,
indice,IMP,2023,,300,12,,,,,,131.76,,,,,
indice,IMP,2023,,200,12,,,,,,113.11,,,,,
indice,IMP,2023,,100,12,,,,,,86.14,,,,,
indice,IMP,2023,,raw,13,,,,,,21468.18,,,,,
indice,IMP,2023,,400,13,,,,,,201.29,,,,,
indice,IMP,2023,,300,13,,,,,,164.87,,,,,
indice,IMP,2023,,200,13,,,,,,127.25,,,,,
indice,IMP,2023,,100,13,,,,,,84.48,,,,,
indice,IMP,2023,,raw,14,,,,,,504769.13,,,,,
indice,IMP,2023,,400,14,,,,,,338.64,,,,,
indice,IMP,2023,,300,14,,,,,,258.23,,,,,
indice,IMP,2023,,200,14,,,,,,177.81,,,,,
indice,IMP,2023,,100,14,,,,,,96.53,,,,,
indice,IMP,2023,,raw,15,,,,,,60560.08,,,,,
indice,IMP,2023,,400,15,,,,,,191.15,,,,,
indice,IMP,2023,,300,15,,,,,,160.97,,,,,
indice,IMP,2023,,200,15,,,,,,127.58,,,,,
indice,IMP,2023,,100,15,,,,,,83.99,,,,,
indice,IMP,2023,,raw,16,,,,,,382610.24,,,,,
indice,IMP,2023,,400,16,,,,,,349.56,,,,,
indice,IMP,2023,,300,16,,,,,,266.36,,,,,
indice,IMP,2023,,200,16,,,,,,182.04,,,,,
indice,IMP,2023,,100,16,,,,,,95.2,,,,,
indice,IMP,2023,,raw,17,,,,,,1836480.3,,,,,
indice,IMP,2023,,400,17,,,,,,178.35,,,,,
indice,IMP,2023,,300,17,,,,,,139.24,,,,,
indice,IMP,2023,,200,17,,,,,,99.93,,,,,
indice,IMP,2023,,100,17,,,,,,59.7,,,,,
indice,IMP,2023,,raw,18,,,,,,1927.39,,,,,
indice,IMP,2023,,400,18,,,,,,129.16,,,,,
indice,IMP,2023,,300,18,,,,,,112.22,,,,,
indice,IMP,2023,,200,18,,,,,,93.57,,,,,
indice,IMP,2023,,100,18,,,,,,67.85,,,,,
indice,IMP,2023,,raw,19,,,,,,150.8,,,,,
indice,IMP,2023,,400,19,,,,,,112.48,,,,,
indice,IMP,2023,,300,19,,,,,,100.69,,,,,
indice,IMP,2023,,200,19,,,,,,85.9,,,,,
indice,IMP,2023,,100,19,,,,,,67.84,,,,,
indice,IMP,2023,,raw,20,,,,,,46073.24,,,,,
indice,IMP,2023,,400,20,,,,,,320.65,,,,,
indice,IMP,2023,,300,20,,,,,,245.62,,,,,
indice,IMP,2023,,200,20,,,,,,170.37,,,,,
indice,IMP,2023,,100,20,,,,,,92.02,,,,,
indice,IMP,2023,,raw,21,,,,,,387.3,,,,,
indice,IMP,2023,,400,21,,,,,,289.04,,,,,
indice,IMP,2023,,300,21,,,,,,224.62,,,,,
indice,IMP,2023,,200,21,,,,,,153.28,,,,,
indice,IMP,2023,,100,21,,,,,,80.42,,,,,
indice,IMP,2024,,raw,,,,,,,421883.02,,,,,
indice,IMP,2024,,400,,,,,,,268.85,,,,,
indice,IMP,2024,,300,,,,,,,209.22,,,,,
indice,IMP,2024,,200,,,,,,,148.11,,,,,
indice,IMP,2024,,100,,,,,,,83.85,,,,,
indice,IMP,2024,,raw,1,,,,,,3406.92,,,,,
indice,IMP,2024,,400,1,,,,,,287.09,,,,,
indice,IMP,2024,,300,1,,,,,,222.59,,,,,
indice,IMP,2024,,200,1,,,,,,157.96,,,,,
indice,IMP,2024,,100,1,,,,,,91.88,,,,,
indice,IMP,2024,,raw,2,,,,,,245788.28,,,,,
indice,IMP,2024,,400,2,,,,,,247.6,,,,,
indice,IMP,2024,,300,2,,,,,,196.33,,,,,
indice,IMP,2024,,200,2,,,,,,144.15,,,,,
indice,IMP,2024,,100,2,,,,,,90.27,,,,,
indice,IMP,2024,,raw,3,,,,,,2648.72,,,,,
indice,IMP,2024,,400,3,,,,,,100.38,,,,,
indice,IMP,2024,,300,3,,,,,,96.6,,,,,
indice,IMP,2024,,200,3,,,,,,91.93,,,,,
indice,IMP,2024,,100,3,,,,,,86.46,,,,,
indice,IMP,2024,,raw,4,,,,,,87567.14,,,,,
indice,IMP,2024,,400,4,,,,,,248.28,,,,,
indice,IMP,2024,,300,4,,,,,,198.68,,,,,
indice,IMP,2024,,200,4,,,,,,148.03,,,,,
indice,IMP,2024,,100,4,,,,,,91.64,,,,,
indice,IMP,2024,,raw,5,,,,,,57293.6,,,,,
indice,IMP,2024,,400,5,,,,,,278.11,,,,,
indice,IMP,2024,,300,5,,,,,,219.69,,,,,
indice,IMP,2024,,200,5,,,,,,159.78,,,,,
indice,IMP,2024,,100,5,,,,,,94.45,,,,,
indice,IMP,2024,,raw,6,,,,,,27988.81,,,,,
indice,IMP,2024,,400,6,,,,,,331.35,,,,,
indice,IMP,2024,,300,6,,,,,,257.02,,,,,
indice,IMP,2024,,200,6,,,,,,179.01,,,,,
indice,IMP,2024,,100,6,,,,,,96.79,,,,,
indice,IMP,2024,,raw,7,,,,,,39906.35,,,,,
indice,IMP,2024,,400,7,,,,,,185.27,,,,,
indice,IMP,2024,,300,7,,,,,,152.16,,,,,
indice,IMP,2024,,200,7,,,,,,116.61,,,,,
indice,IMP,2024,,100,7,,,,,,74.6,,,,,
indice,IMP,2024,,raw,8,,,,,,68.19,,,,,
indice,IMP,2024,,400,8,,,,,,69.26,,,,,
indice,IMP,2024,,300,8,,,,,,69.23,,,,,
indice,IMP,2024,,200,8,,,,,,68.62,,,,,
indice,IMP,2024,,100,8,,,,,,56.25,,,,,
indice,IMP,2024,,raw,9,,,,,,54314.06,,,,,
indice,IMP,2024,,400,9,,,,,,271.01,,,,,
indice,IMP,2024,,300,9,,,,,,225.61,,,,,
indice,IMP,2024,,200,9,,,,,,162.83,,,,,
indice,IMP,2024,,100,9,,,,,,89.13,,,,,
indice,IMP,2024,,raw,10,,,,,,1900460.72,,,,,
indice,IMP,2024,,400,10,,,,,,233.16,,,,,
indice,IMP,2024,,300,10,,,,,,187.11,,,,,
indice,IMP,2024,,200,10,,,,,,139.95,,,,,
indice,IMP,2024,,100,10,,,,,,85.58,,,,,
indice,IMP,2024,,raw,11,,,,,,1911.5,,,,,
indice,IMP,2024,,400,11,,,,,,120.87,,,,,
indice,IMP,2024,,300,11,,,,,,106.22,,,,,
indice,IMP,2024,,200,11,,,,,,90.68,,,,,
indice,IMP,2024,,100,11,,,,,,67.89,,,,,
indice,IMP,2024,,raw,12,,,,,,32436.98,,,,,
indice,IMP,2024,,400,12,,,,,,176.27,,,,,
indice,IMP,2024,,300,12,,,,,,151.85,,,,,
indice,IMP,2024,,200,12,,,,,,126.47,,,,,
indice,IMP,2024,,100,12,,,,,,78.7,,,,,
indice,IMP,2024,,raw,13,,,,,,31629.73,,,,,
indice,IMP,2024,,400,13,,,,,,207.13,,,,,
indice,IMP,2024,,300,13,,,,,,169.48,,,,,
indice,IMP,2024,,200,13,,,,,,130.97,,,,,
indice,IMP,2024,,100,13,,,,,,86.71,,,,,
indice,IMP,2024,,raw,14,,,,,,7815432.17,,,,,
indice,IMP,2024,,400,14,,,,,,358.87,,,,,
indice,IMP,2024,,300,14,,,,,,272.52,,,,,
indice,IMP,2024,,200,14,,,,,,186.15,,,,,
indice,IMP,2024,,100,14,,,,,,98.64,,,,,
indice,IMP,2024,,raw,15,,,,,,51616.05,,,,,
indice,IMP,2024,,400,15,,,,,,202.65,,,,,
indice,IMP,2024,,300,15,,,,,,167.78,,,,,
indice,IMP,2024,,200,15,,,,,,130.56,,,,,
indice,IMP,2024,,100,15,,,,,,84.19,,,,,
indice,IMP,2024,,raw,16,,,,,,66987.04,,,,,
indice,IMP,2024,,400,16,,,,,,349.19,,,,,
indice,IMP,2024,,300,16,,,,,,265.69,,,,,
indice,IMP,2024,,200,16,,,,,,181.56,,,,,
indice,IMP,2024,,100,16,,,,,,94.57,,,,,
indice,IMP,2024,,raw,17,,,,,,1304025.03,,,,,
indice,IMP,2024,,400,17,,,,,,182.94,,,,,
indice,IMP,2024,,300,17,,,,,,142.51,,,,,
indice,IMP,2024,,200,17,,,,,,102.01,,,,,
indice,IMP,2024,,100,17,,,,,,60.68,,,,,
indice,IMP,2024,,raw,18,,,,,,2513.06,,,,,
indice,IMP,2024,,400,18,,,,,,118.76,,,,,
indice,IMP,2024,,300,18,,,,,,105.46,,,,,
indice,IMP,2024,,200,18,,,,,,88.8,,,,,
indice,IMP,2024,,100,18,,,,,,68.75,,,,,
indice,IMP,2024,,raw,19,,,,,,1695.4,,,,,
indice,IMP,2024,,400,19,,,,,,167.44,,,,,
indice,IMP,2024,,300,19,,,,,,136.61,,,,,
indice,IMP,2024,,200,19,,,,,,105.79,,,,,
indice,IMP,2024,,100,19,,,,,,74.96,,,,,
indice,IMP,2024,,raw,20,,,,,,36360.21,,,,,
indice,IMP,2024,,400,20,,,,,,332.34,,,,,
indice,IMP,2024,,300,20,,,,,,253.59,,,,,
indice,IMP,2024,,200,20,,,,,,174.7,,,,,
indice,IMP,2024,,100,20,,,,,,93.2,,,,,
indice,IMP,2024,,raw,21,,,,,,430.6,,,,,
indice,IMP,2024,,400,21,,,,,,342.38,,,,,
indice,IMP,2024,,300,21,,,,,,260.91,,,,,
indice,IMP,2024,,200,21,,,,,,178.3,,,,,
indice,IMP,2024,,100,21,,,,,,90.71,,,,,
indice,IMP,2025,,raw,,,,,,,428240.63,,,,,
indice,IMP,2025,,400,,,,,,,273.87,,,,,
indice,IMP,2025,,300,,,,,,,214.05,,,,,
indice,IMP,2025,,200,,,,,,,152.01,,,,,
indice,IMP,2025,,100,,,,,,,84.74,,,,,
indice,IMP,2025,,raw,1,,,,,,1483.47,,,,,
indice,IMP,2025,,400,1,,,,,,166.58,,,,,
indice,IMP,2025,,300,1,,,,,,148.48,,,,,
indice,IMP,2025,,200,1,,,,,,110.49,,,,,
indice,IMP,2025,,100,1,,,,,,70.68,,,,,
indice,IMP,2025,,raw,2,,,,,,146852.33,,,,,
indice,IMP,2025,,400,2,,,,,,263.07,,,,,
indice,IMP,2025,,300,2,,,,,,207.16,,,,,
indice,IMP,2025,,200,2,,,,,,150.74,,,,,
indice,IMP,2025,,100,2,,,,,,93.35,,,,,
indice,IMP,2025,,raw,3,,,,,,7402.68,,,,,
indice,IMP,2025,,400,3,,,,,,255.21,,,,,
indice,IMP,2025,,300,3,,,,,,204.36,,,,,
indice,IMP,2025,,200,3,,,,,,152.98,,,,,
indice,IMP,2025,,100,3,,,,,,95.78,,,,,
indice,IMP,2025,,raw,4,,,,,,58250.42,,,,,
indice,IMP,2025,,400,4,,,,,,215.17,,,,,
indice,IMP,2025,,300,4,,,,,,173.74,,,,,
indice,IMP,2025,,200,4,,,,,,131.72,,,,,
indice,IMP,2025,,100,4,,,,,,83.49,,,,,
indice,IMP,2025,,raw,5,,,,,,238971.57,,,,,
indice,IMP,2025,,400,5,,,,,,323.06,,,,,
indice,IMP,2025,,300,5,,,,,,248.36,,,,,
indice,IMP,2025,,200,5,,,,,,172.91,,,,,
indice,IMP,2025,,100,5,,,,,,94.86,,,,,
indice,IMP,2025,,raw,6,,,,,,61646.62,,,,,
indice,IMP,2025,,400,6,,,,,,322.31,,,,,
indice,IMP,2025,,300,6,,,,,,254.13,,,,,
indice,IMP,2025,,200,6,,,,,,180.96,,,,,
indice,IMP,2025,,100,6,,,,,,97.08,,,,,
indice,IMP,2025,,raw,7,,,,,,106672.98,,,,,
indice,IMP,2025,,400,7,,,,,,222.05,,,,,
indice,IMP,2025,,300,7,,,,,,177.9,,,,,
indice,IMP,2025,,200,7,,,,,,132.06,,,,,
indice,IMP,2025,,100,7,,,,,,81.78,,,,,
indice,IMP,2025,,raw,8,,,,,,107.47,,,,,
indice,IMP,2025,,400,8,,,,,,106.86,,,,,
indice,IMP,2025,,300,8,,,,,,102.27,,,,,
indice,IMP,2025,,200,8,,,,,,85.17,,,,,
indice,IMP,2025,,100,8,,,,,,64.78,,,,,
indice,IMP,2025,,raw,9,,,,,,16954.61,,,,,
indice,IMP,2025,,400,9,,,,,,263.77,,,,,
indice,IMP,2025,,300,9,,,,,,208.89,,,,,
indice,IMP,2025,,200,9,,,,,,152.43,,,,,
indice,IMP,2025,,100,9,,,,,,85.68,,,,,
indice,IMP,2025,,raw,10,,,,,,1746006.42,,,,,
indice,IMP,2025,,400,10,,,,,,217.07,,,,,
indice,IMP,2025,,300,10,,,,,,171.88,,,,,
indice,IMP,2025,,200,10,,,,,,126.41,,,,,
indice,IMP,2025,,100,10,,,,,,78.54,,,,,
indice,IMP,2025,,raw,11,,,,,,8377.07,,,,,
indice,IMP,2025,,400,11,,,,,,112.99,,,,,
indice,IMP,2025,,300,11,,,,,,98.54,,,,,
indice,IMP,2025,,200,11,,,,,,82.49,,,,,
indice,IMP,2025,,100,11,,,,,,61.26,,,,,
indice,IMP,2025,,raw,12,,,,,,22874.4,,,,,
indice,IMP,2025,,400,12,,,,,,167.51,,,,,
indice,IMP,2025,,300,12,,,,,,147.15,,,,,
indice,IMP,2025,,200,12,,,,,,124.33,,,,,
indice,IMP,2025,,100,12,,,,,,81.04,,,,,
indice,IMP,2025,,raw,13,,,,,,16408.48,,,,,
indice,IMP,2025,,400,13,,,,,,197.06,,,,,
indice,IMP,2025,,300,13,,,,,,158.85,,,,,
indice,IMP,2025,,200,13,,,,,,120.19,,,,,
indice,IMP,2025,,100,13,,,,,,78.44,,,,,
indice,IMP,2025,,raw,14,,,,,,33640447.15,,,,,
indice,IMP,2025,,400,14,,,,,,338.1,,,,,
indice,IMP,2025,,300,14,,,,,,257.09,,,,,
indice,IMP,2025,,200,14,,,,,,176.03,,,,,
indice,IMP,2025,,100,14,,,,,,94.35,,,,,
indice,IMP,2025,,raw,15,,,,,,44823.58,,,,,
indice,IMP,2025,,400,15,,,,,,191.07,,,,,
indice,IMP,2025,,300,15,,,,,,158.32,,,,,
indice,IMP,2025,,200,15,,,,,,123.21,,,,,
indice,IMP,2025,,100,15,,,,,,79.97,,,,,
indice,IMP,2025,,raw,16,,,,,,145096.53,,,,,
indice,IMP,2025,,400,16,,,,,,330.3,,,,,
indice,IMP,2025,,300,16,,,,,,254.09,,,,,
indice,IMP,2025,,200,16,,,,,,177.37,,,,,
indice,IMP,2025,,100,16,,,,,,93.77,,,,,
indice,IMP,2025,,raw,17,,,,,,1272615.38,,,,,
indice,IMP,2025,,400,17,,,,,,195.66,,,,,
indice,IMP,2025,,300,17,,,,,,151.99,,,,,
indice,IMP,2025,,200,17,,,,,,107.71,,,,,
indice,IMP,2025,,100,17,,,,,,62.48,,,,,
indice,IMP,2025,,raw,18,,,,,,943.35,,,,,
indice,IMP,2025,,400,18,,,,,,130.36,,,,,
indice,IMP,2025,,300,18,,,,,,112.85,,,,,
indice,IMP,2025,,200,18,,,,,,91.74,,,,,
indice,IMP,2025,,100,18,,,,,,66.73,,,,,
indice,IMP,2025,,raw,19,,,,,,127.5,,,,,
indice,IMP,2025,,400,19,,,,,,108.64,,,,,
indice,IMP,2025,,300,19,,,,,,103.53,,,,,
indice,IMP,2025,,200,19,,,,,,98.24,,,,,
indice,IMP,2025,,100,19,,,,,,86.59,,,,,
indice,IMP,2025,,raw,20,,,,,,24679,,,,,
indice,IMP,2025,,400,20,,,,,,319.81,,,,,
indice,IMP,2025,,300,20,,,,,,244.14,,,,,
indice,IMP,2025,,200,20,,,,,,168.23,,,,,
indice,IMP,2025,,100,20,,,,,,90.76,,,,,
indice,IMP,2025,,raw,21,,,,,,363.81,,,,,
indice,IMP,2025,,400,21,,,,,,271.07,,,,,
indice,IMP,2025,,300,21,,,,,,208.16,,,,,
indice,IMP,2025,,200,21,,,,,,145.26,,,,,
indice,IMP,2025,,100,21,,,,,,81.5,,,,,
indice,GBL,2022,,raw,,,,,,,100,,,,,
indice,GBL,2022,,400,,,,,,,100,,,,,
indice,GBL,2022,,300,,,,,,,100,,,,,
indice,GBL,2022,,200,,,,,,,100,,,,,
indice,GBL,2022,,100,,,,,,,100,,,,,
indice,GBL,2022,,raw,1,,,,,,100,,,,,
indice,GBL,2022,,400,1,,,,,,100,,,,,
indice,GBL,2022,,300,1,,,,,,100,,,,,
indice,GBL,2022,,200,1,,,,,,100,,,,,
indice,GBL,2022,,100,1,,,,,,100,,,,,
indice,GBL,2022,,raw,2,,,,,,100,,,,,
indice,GBL,2022,,400,2,,,,,,100,,,,,
indice,GBL,2022,,300,2,,,,,,100,,,,,
indice,GBL,2022,,200,2,,,,,,100,,,,,
indice,GBL,2022,,100,2,,,,,,100,,,,,
indice,GBL,2022,,raw,3,,,,,,100,,,,,
indice,GBL,2022,,400,3,,,,,,100,,,,,
indice,GBL,2022,,300,3,,,,,,100,,,,,
indice,GBL,2022,,200,3,,,,,,100,,,,,
indice,GBL,2022,,100,3,,,,,,100,,,,,
indice,GBL,2022,,raw,4,,,,,,100,,,,,
indice,GBL,2022,,400,4,,,,,,100,,,,,
indice,GBL,2022,,300,4,,,,,,100,,,,,
indice,GBL,2022,,200,4,,,,,,100,,,,,
indice,GBL,2022,,100,4,,,,,,100,,,,,
indice,GBL,2022,,raw,5,,,,,,100,,,,,
indice,GBL,2022,,400,5,,,,,,100,,,,,
indice,GBL,2022,,300,5,,,,,,100,,,,,
indice,GBL,2022,,200,5,,,,,,100,,,,,
indice,GBL,2022,,100,5,,,,,,100,,,,,
indice,GBL,2022,,raw,6,,,,,,100,,,,,
indice,GBL,2022,,400,6,,,,,,100,,,,,
indice,GBL,2022,,300,6,,,,,,100,,,,,
indice,GBL,2022,,200,6,,,,,,100,,,,,
indice,GBL,2022,,100,6,,,,,,100,,,,,
indice,GBL,2022,,raw,7,,,,,,100,,,,,
indice,GBL,2022,,400,7,,,,,,100,,,,,
indice,GBL,2022,,300,7,,,,,,100,,,,,
indice,GBL,2022,,200,7,,,,,,100,,,,,
indice,GBL,2022,,100,7,,,,,,100,,,,,
indice,GBL,2022,,raw,8,,,,,,100,,,,,
indice,GBL,2022,,400,8,,,,,,100,,,,,
indice,GBL,2022,,300,8,,,,,,100,,,,,
indice,GBL,2022,,200,8,,,,,,100,,,,,
indice,GBL,2022,,100,8,,,,,,100,,,,,
indice,GBL,2022,,raw,9,,,,,,100,,,,,
indice,GBL,2022,,400,9,,,,,,100,,,,,
indice,GBL,2022,,300,9,,,,,,100,,,,,
indice,GBL,2022,,200,9,,,,,,100,,,,,
indice,GBL,2022,,100,9,,,,,,100,,,,,
indice,GBL,2022,,raw,10,,,,,,100,,,,,
indice,GBL,2022,,400,10,,,,,,100,,,,,
indice,GBL,2022,,300,10,,,,,,100,,,,,
indice,GBL,2022,,200,10,,,,,,100,,,,,
indice,GBL,2022,,100,10,,,,,,100,,,,,
indice,GBL,2022,,raw,11,,,,,,100,,,,,
indice,GBL,2022,,400,11,,,,,,100,,,,,
indice,GBL,2022,,300,11,,,,,,100,,,,,
indice,GBL,2022,,200,11,,,,,,100,,,,,
indice,GBL,2022,,100,11,,,,,,100,,,,,
indice,GBL,2022,,raw,12,,,,,,100,,,,,
indice,GBL,2022,,400,12,,,,,,100,,,,,
indice,GBL,2022,,300,12,,,,,,100,,,,,
indice,GBL,2022,,200,12,,,,,,100,,,,,
indice,GBL,2022,,100,12,,,,,,100,,,,,
indice,GBL,2022,,raw,13,,,,,,100,,,,,
indice,GBL,2022,,400,13,,,,,,100,,,,,
indice,GBL,2022,,300,13,,,,,,100,,,,,
indice,GBL,2022,,200,13,,,,,,100,,,,,
indice,GBL,2022,,100,13,,,,,,100,,,,,
indice,GBL,2022,,raw,14,,,,,,100,,,,,
indice,GBL,2022,,400,14,,,,,,100,,,,,
indice,GBL,2022,,300,14,,,,,,100,,,,,
indice,GBL,2022,,200,14,,,,,,100,,,,,
indice,GBL,2022,,100,14,,,,,,100,,,,,
indice,GBL,2022,,raw,15,,,,,,100,,,,,
indice,GBL,2022,,400,15,,,,,,100,,,,,
indice,GBL,2022,,300,15,,,,,,100,,,,,
indice,GBL,2022,,200,15,,,,,,100,,,,,
indice,GBL,2022,,100,15,,,,,,100,,,,,
indice,GBL,2022,,raw,16,,,,,,100,,,,,
indice,GBL,2022,,400,16,,,,,,100,,,,,
indice,GBL,2022,,300,16,,,,,,100,,,,,
indice,GBL,2022,,200,16,,,,,,100,,,,,
indice,GBL,2022,,100,16,,,,,,100,,,,,
indice,GBL,2022,,raw,17,,,,,,100,,,,,
indice,GBL,2022,,400,17,,,,,,100,,,,,
indice,GBL,2022,,300,17,,,,,,100,,,,,
indice,GBL,2022,,200,17,,,,,,100,,,,,
indice,GBL,2022,,100,17,,,,,,100,,,,,
indice,GBL,2022,,raw,18,,,,,,100,,,,,
indice,GBL,2022,,400,18,,,,,,100,,,,,
indice,GBL,2022,,300,18,,,,,,100,,,,,
indice,GBL,2022,,200,18,,,,,,100,,,,,
indice,GBL,2022,,100,18,,,,,,100,,,,,
indice,GBL,2022,,raw,19,,,,,,100,,,,,
indice,GBL,2022,,400,19,,,,,,100,,,,,
indice,GBL,2022,,300,19,,,,,,100,,,,,
indice,GBL,2022,,200,19,,,,,,100,,,,,
indice,GBL,2022,,100,19,,,,,,100,,,,,
indice,GBL,2022,,raw,20,,,,,,100,,,,,
indice,GBL,2022,,400,20,,,,,,100,,,,,
indice,GBL,2022,,300,20,,,,,,100,,,,,
indice,GBL,2022,,200,20,,,,,,100,,,,,
indice,GBL,2022,,100,20,,,,,,100,,,,,
indice,GBL,2022,,raw,21,,,,,,100,,,,,
indice,GBL,2022,,400,21,,,,,,100,,,,,
indice,GBL,2022,,300,21,,,,,,100,,,,,
indice,GBL,2022,,200,21,,,,,,100,,,,,
indice,GBL,2022,,100,21,,,,,,100,,,,,
indice,GBL,2023,,raw,,,,,,,27965507.3,,,,,
indice,GBL,2023,,400,,,,,,,298.95,,,,,
indice,GBL,2023,,300,,,,,,,230.92,,,,,
indice,GBL,2023,,200,,,,,,,161.36,,,,,
indice,GBL,2023,,100,,,,,,,89.05,,,,,
indice,GBL,2023,,raw,1,,,,,,733814.56,,,,,
indice,GBL,2023,,400,1,,,,,,223.88,,,,,
indice,GBL,2023,,300,1,,,,,,185.68,,,,,
indice,GBL,2023,,200,1,,,,,,138.97,,,,,
indice,GBL,2023,,100,1,,,,,,89.38,,,,,
indice,GBL,2023,,raw,2,,,,,,165588.35,,,,,
indice,GBL,2023,,400,2,,,,,,265.43,,,,,
indice,GBL,2023,,300,2,,,,,,209.7,,,,,
indice,GBL,2023,,200,2,,,,,,153.68,,,,,
indice,GBL,2023,,100,2,,,,,,92.24,,,,,
indice,GBL,2023,,raw,3,,,,,,779584.71,,,,,
indice,GBL,2023,,400,3,,,,,,269.49,,,,,
indice,GBL,2023,,300,3,,,,,,209.58,,,,,
indice,GBL,2023,,200,3,,,,,,149.48,,,,,
indice,GBL,2023,,100,3,,,,,,87.56,,,,,
indice,GBL,2023,,raw,4,,,,,,1178533.68,,,,,
indice,GBL,2023,,400,4,,,,,,247.22,,,,,
indice,GBL,2023,,300,4,,,,,,197.06,,,,,
indice,GBL,2023,,200,4,,,,,,144.81,,,,,
indice,GBL,2023,,100,4,,,,,,89.1,,,,,
indice,GBL,2023,,raw,5,,,,,,37450404.52,,,,,
indice,GBL,2023,,400,5,,,,,,337.48,,,,,
indice,GBL,2023,,300,5,,,,,,258.04,,,,,
indice,GBL,2023,,200,5,,,,,,178.59,,,,,
indice,GBL,2023,,100,5,,,,,,97.85,,,,,
indice,GBL,2023,,raw,6,,,,,,6377538.07,,,,,
indice,GBL,2023,,400,6,,,,,,286.8,,,,,
indice,GBL,2023,,300,6,,,,,,227.23,,,,,
indice,GBL,2023,,200,6,,,,,,162.88,,,,,
indice,GBL,2023,,100,6,,,,,,92.64,,,,,
indice,GBL,2023,,raw,7,,,,,,80408.99,,,,,
indice,GBL,2023,,400,7,,,,,,216.76,,,,,
indice,GBL,2023,,300,7,,,,,,174.65,,,,,
indice,GBL,2023,,200,7,,,,,,131.97,,,,,
indice,GBL,2023,,100,7,,,,,,81.9,,,,,
indice,GBL,2023,,raw,8,,,,,,53.81,,,,,
indice,GBL,2023,,400,8,,,,,,60.41,,,,,
indice,GBL,2023,,300,8,,,,,,60.37,,,,,
indice,GBL,2023,,200,8,,,,,,58.78,,,,,
indice,GBL,2023,,100,8,,,,,,50.55,,,,,
indice,GBL,2023,,raw,9,,,,,,119549.97,,,,,
indice,GBL,2023,,400,9,,,,,,280.63,,,,,
indice,GBL,2023,,300,9,,,,,,229.04,,,,,
indice,GBL,2023,,200,9,,,,,,165.02,,,,,
indice,GBL,2023,,100,9,,,,,,91.89,,,,,
indice,GBL,2023,,raw,10,,,,,,1544916.73,,,,,
indice,GBL,2023,,400,10,,,,,,273.37,,,,,
indice,GBL,2023,,300,10,,,,,,214.83,,,,,
indice,GBL,2023,,200,10,,,,,,154.62,,,,,
indice,GBL,2023,,100,10,,,,,,89.19,,,,,
indice,GBL,2023,,raw,11,,,,,,23580.94,,,,,
indice,GBL,2023,,400,11,,,,,,166.92,,,,,
indice,GBL,2023,,300,11,,,,,,144.3,,,,,
indice,GBL,2023,,200,11,,,,,,119.94,,,,,
indice,GBL,2023,,100,11,,,,,,83.81,,,,,
indice,GBL,2023,,raw,12,,,,,,1424212.83,,,,,
indice,GBL,2023,,400,12,,,,,,239.68,,,,,
indice,GBL,2023,,300,12,,,,,,192.3,,,,,
indice,GBL,2023,,200,12,,,,,,144.37,,,,,
indice,GBL,2023,,100,12,,,,,,91.1,,,,,
indice,GBL,2023,,raw,13,,,,,,31269.48,,,,,
indice,GBL,2023,,400,13,,,,,,231.37,,,,,
indice,GBL,2023,,300,13,,,,,,187.42,,,,,
indice,GBL,2023,,200,13,,,,,,140.07,,,,,
indice,GBL,2023,,100,13,,,,,,85.57,,,,,
indice,GBL,2023,,raw,14,,,,,,358115.38,,,,,
indice,GBL,2023,,400,14,,,,,,357.78,,,,,
indice,GBL,2023,,300,14,,,,,,271.34,,,,,
indice,GBL,2023,,200,14,,,,,,184.9,,,,,
indice,GBL,2023,,100,14,,,,,,97.77,,,,,
indice,GBL,2023,,raw,15,,,,,,344094.68,,,,,
indice,GBL,2023,,400,15,,,,,,258.56,,,,,
indice,GBL,2023,,300,15,,,,,,206.01,,,,,
indice,GBL,2023,,200,15,,,,,,150.9,,,,,
indice,GBL,2023,,100,15,,,,,,88.99,,,,,
indice,GBL,2023,,raw,16,,,,,,262213.08,,,,,
indice,GBL,2023,,400,16,,,,,,288.89,,,,,
indice,GBL,2023,,300,16,,,,,,222.14,,,,,
indice,GBL,2023,,200,16,,,,,,154.49,,,,,
indice,GBL,2023,,100,16,,,,,,84.85,,,,,
indice,GBL,2023,,raw,17,,,,,,1288032.71,,,,,
indice,GBL,2023,,400,17,,,,,,181.41,,,,,
indice,GBL,2023,,300,17,,,,,,142.93,,,,,
indice,GBL,2023,,200,17,,,,,,103.78,,,,,
indice,GBL,2023,,100,17,,,,,,62.3,,,,,
indice,GBL,2023,,raw,18,,,,,,1269.64,,,,,
indice,GBL,2023,,400,18,,,,,,99.8,,,,,
indice,GBL,2023,,300,18,,,,,,87.96,,,,,
indice,GBL,2023,,200,18,,,,,,74.73,,,,,
indice,GBL,2023,,100,18,,,,,,56.25,,,,,
indice,GBL,2023,,raw,19,,,,,,96.39,,,,,
indice,GBL,2023,,400,19,,,,,,71.9,,,,,
indice,GBL,2023,,300,19,,,,,,64.36,,,,,
indice,GBL,2023,,200,19,,,,,,54.91,,,,,
indice,GBL,2023,,100,19,,,,,,43.36,,,,,
indice,GBL,2023,,raw,20,,,,,,29728.44,,,,,
indice,GBL,2023,,400,20,,,,,,283.93,,,,,
indice,GBL,2023,,300,20,,,,,,220.52,,,,,
indice,GBL,2023,,200,20,,,,,,154.28,,,,,
indice,GBL,2023,,100,20,,,,,,85.2,,,,,
indice,GBL,2023,,raw,21,,,,,,264.34,,,,,
indice,GBL,2023,,400,21,,,,,,201.48,,,,,
indice,GBL,2023,,300,21,,,,,,160.22,,,,,
indice,GBL,2023,,200,21,,,,,,114.51,,,,,
indice,GBL,2023,,100,21,,,,,,67.68,,,,,
indice,GBL,2024,,raw,,,,,,,7539413.06,,,,,
indice,GBL,2024,,400,,,,,,,303.41,,,,,
indice,GBL,2024,,300,,,,,,,233.43,,,,,
indice,GBL,2024,,200,,,,,,,162.38,,,,,
indice,GBL,2024,,100,,,,,,,88.38,,,,,
indice,GBL,2024,,raw,1,,,,,,65760.54,,,,,
indice,GBL,2024,,400,1,,,,,,296.07,,,,,
indice,GBL,2024,,300,1,,,,,,229.44,,,,,
indice,GBL,2024,,200,1,,,,,,162.54,,,,,
indice,GBL,2024,,100,1,,,,,,93.82,,,,,
indice,GBL,2024,,raw,2,,,,,,181730.41,,,,,
indice,GBL,2024,,400,2,,,,,,254.36,,,,,
indice,GBL,2024,,300,2,,,,,,204.53,,,,,
indice,GBL,2024,,200,2,,,,,,153.93,,,,,
indice,GBL,2024,,100,2,,,,,,92.93,,,,,
indice,GBL,2024,,raw,3,,,,,,164954.13,,,,,
indice,GBL,2024,,400,3,,,,,,196.53,,,,,
indice,GBL,2024,,300,3,,,,,,161.55,,,,,
indice,GBL,2024,,200,3,,,,,,126.01,,,,,
indice,GBL,2024,,100,3,,,,,,89.82,,,,,
indice,GBL,2024,,raw,4,,,,,,110388.17,,,,,
indice,GBL,2024,,400,4,,,,,,282.27,,,,,
indice,GBL,2024,,300,4,,,,,,220.76,,,,,
indice,GBL,2024,,200,4,,,,,,158.46,,,,,
indice,GBL,2024,,100,4,,,,,,92.41,,,,,
indice,GBL,2024,,raw,5,,,,,,8133649.09,,,,,
indice,GBL,2024,,400,5,,,,,,311.85,,,,,
indice,GBL,2024,,300,5,,,,,,241.65,,,,,
indice,GBL,2024,,200,5,,,,,,170.46,,,,,
indice,GBL,2024,,100,5,,,,,,95.21,,,,,
indice,GBL,2024,,raw,6,,,,,,29194.27,,,,,
indice,GBL,2024,,400,6,,,,,,300.16,,,,,
indice,GBL,2024,,300,6,,,,,,235.7,,,,,
indice,GBL,2024,,200,6,,,,,,168.14,,,,,
indice,GBL,2024,,100,6,,,,,,94.26,,,,,
indice,GBL,2024,,raw,7,,,,,,25646.7,,,,,
indice,GBL,2024,,400,7,,,,,,163.28,,,,,
indice,GBL,2024,,300,7,,,,,,135.17,,,,,
indice,GBL,2024,,200,7,,,,,,105.4,,,,,
indice,GBL,2024,,100,7,,,,,,69.11,,,,,
indice,GBL,2024,,raw,8,,,,,,816.85,,,,,
indice,GBL,2024,,400,8,,,,,,90.4,,,,,
indice,GBL,2024,,300,8,,,,,,82.35,,,,,
indice,GBL,2024,,200,8,,,,,,73.52,,,,,
indice,GBL,2024,,100,8,,,,,,56.35,,,,,
indice,GBL,2024,,raw,9,,,,,,51681.83,,,,,
indice,GBL,2024,,400,9,,,,,,285.55,,,,,
indice,GBL,2024,,300,9,,,,,,233.47,,,,,
indice,GBL,2024,,200,9,,,,,,169.89,,,,,
indice,GBL,2024,,100,9,,,,,,92.66,,,,,
indice,GBL,2024,,raw,10,,,,,,1300780.56,,,,,
indice,GBL,2024,,400,10,,,,,,255.84,,,,,
indice,GBL,2024,,300,10,,,,,,201.07,,,,,
indice,GBL,2024,,200,10,,,,,,145.59,,,,,
indice,GBL,2024,,100,10,,,,,,85.5,,,,,
indice,GBL,2024,,raw,11,,,,,,21609.65,,,,,
indice,GBL,2024,,400,11,,,,,,155.88,,,,,
indice,GBL,2024,,300,11,,,,,,131.11,,,,,
indice,GBL,2024,,200,11,,,,,,105.76,,,,,
indice,GBL,2024,,100,11,,,,,,75.5,,,,,
indice,GBL,2024,,raw,12,,,,,,971104.59,,,,,
indice,GBL,2024,,400,12,,,,,,256.87,,,,,
indice,GBL,2024,,300,12,,,,,,205.22,,,,,
indice,GBL,2024,,200,12,,,,,,152.95,,,,,
indice,GBL,2024,,100,12,,,,,,86.37,,,,,
indice,GBL,2024,,raw,13,,,,,,32757.9,,,,,
indice,GBL,2024,,400,13,,,,,,226.29,,,,,
indice,GBL,2024,,300,13,,,,,,182.16,,,,,
indice,GBL,2024,,200,13,,,,,,137.26,,,,,
indice,GBL,2024,,100,13,,,,,,85.59,,,,,
indice,GBL,2024,,raw,14,,,,,,69749266.25,,,,,
indice,GBL,2024,,400,14,,,,,,368.12,,,,,
indice,GBL,2024,,300,14,,,,,,278.91,,,,,
indice,GBL,2024,,200,14,,,,,,189.7,,,,,
indice,GBL,2024,,100,14,,,,,,99.12,,,,,
indice,GBL,2024,,raw,15,,,,,,792481.93,,,,,
indice,GBL,2024,,400,15,,,,,,264.44,,,,,
indice,GBL,2024,,300,15,,,,,,209.7,,,,,
indice,GBL,2024,,200,15,,,,,,152.57,,,,,
indice,GBL,2024,,100,15,,,,,,89.18,,,,,
indice,GBL,2024,,raw,16,,,,,,211656.84,,,,,
indice,GBL,2024,,400,16,,,,,,305.96,,,,,
indice,GBL,2024,,300,16,,,,,,234.8,,,,,
indice,GBL,2024,,200,16,,,,,,162.99,,,,,
indice,GBL,2024,,100,16,,,,,,86.75,,,,,
indice,GBL,2024,,raw,17,,,,,,858329.12,,,,,
indice,GBL,2024,,400,17,,,,,,178.73,,,,,
indice,GBL,2024,,300,17,,,,,,140.62,,,,,
indice,GBL,2024,,200,17,,,,,,102.25,,,,,
indice,GBL,2024,,100,17,,,,,,61.51,,,,,
indice,GBL,2024,,raw,18,,,,,,1703.36,,,,,
indice,GBL,2024,,400,18,,,,,,132.11,,,,,
indice,GBL,2024,,300,18,,,,,,112.51,,,,,
indice,GBL,2024,,200,18,,,,,,90.09,,,,,
indice,GBL,2024,,100,18,,,,,,64.52,,,,,
indice,GBL,2024,,raw,19,,,,,,1083.71,,,,,
indice,GBL,2024,,400,19,,,,,,107.03,,,,,
indice,GBL,2024,,300,19,,,,,,87.32,,,,,
indice,GBL,2024,,200,19,,,,,,67.62,,,,,
indice,GBL,2024,,100,19,,,,,,47.91,,,,,
indice,GBL,2024,,raw,20,,,,,,23415.48,,,,,
indice,GBL,2024,,400,20,,,,,,302.89,,,,,
indice,GBL,2024,,300,20,,,,,,235.99,,,,,
indice,GBL,2024,,200,20,,,,,,162.67,,,,,
indice,GBL,2024,,100,20,,,,,,87.29,,,,,
indice,GBL,2024,,raw,21,,,,,,308.03,,,,,
indice,GBL,2024,,400,21,,,,,,250.95,,,,,
indice,GBL,2024,,300,21,,,,,,198.79,,,,,
indice,GBL,2024,,200,21,,,,,,145.89,,,,,
indice,GBL,2024,,100,21,,,,,,86.9,,,,,
indice,GBL,2025,,raw,,,,,,,8103692.83,,,,,
indice,GBL,2025,,400,,,,,,,310.28,,,,,
indice,GBL,2025,,300,,,,,,,238.9,,,,,
indice,GBL,2025,,200,,,,,,,165.99,,,,,
indice,GBL,2025,,100,,,,,,,89.33,,,,,
indice,GBL,2025,,raw,1,,,,,,37791.49,,,,,
indice,GBL,2025,,400,1,,,,,,192.8,,,,,
indice,GBL,2025,,300,1,,,,,,165.62,,,,,
indice,GBL,2025,,200,1,,,,,,124.21,,,,,
indice,GBL,2025,,100,1,,,,,,78.59,,,,,
indice,GBL,2025,,raw,2,,,,,,133889.59,,,,,
indice,GBL,2025,,400,2,,,,,,278.67,,,,,
indice,GBL,2025,,300,2,,,,,,219.24,,,,,
indice,GBL,2025,,200,2,,,,,,159.41,,,,,
indice,GBL,2025,,100,2,,,,,,95.39,,,,,
indice,GBL,2025,,raw,3,,,,,,93607.3,,,,,
indice,GBL,2025,,400,3,,,,,,290.78,,,,,
indice,GBL,2025,,300,3,,,,,,226.9,,,,,
indice,GBL,2025,,200,3,,,,,,162.67,,,,,
indice,GBL,2025,,100,3,,,,,,94.45,,,,,
indice,GBL,2025,,raw,4,,,,,,80287.43,,,,,
indice,GBL,2025,,400,4,,,,,,246.69,,,,,
indice,GBL,2025,,300,4,,,,,,196.19,,,,,
indice,GBL,2025,,200,4,,,,,,145.25,,,,,
indice,GBL,2025,,100,4,,,,,,88.32,,,,,
indice,GBL,2025,,raw,5,,,,,,9779921.75,,,,,
indice,GBL,2025,,400,5,,,,,,342.5,,,,,
indice,GBL,2025,,300,5,,,,,,261.29,,,,,
indice,GBL,2025,,200,5,,,,,,179.48,,,,,
indice,GBL,2025,,100,5,,,,,,95.73,,,,,
indice,GBL,2025,,raw,6,,,,,,115728.41,,,,,
indice,GBL,2025,,400,6,,,,,,293.02,,,,,
indice,GBL,2025,,300,6,,,,,,232.15,,,,,
indice,GBL,2025,,200,6,,,,,,167.21,,,,,
indice,GBL,2025,,100,6,,,,,,93.22,,,,,
indice,GBL,2025,,raw,7,,,,,,69112.33,,,,,
indice,GBL,2025,,400,7,,,,,,203.01,,,,,
indice,GBL,2025,,300,7,,,,,,163.54,,,,,
indice,GBL,2025,,200,7,,,,,,122.98,,,,,
indice,GBL,2025,,100,7,,,,,,78.13,,,,,
indice,GBL,2025,,raw,8,,,,,,146.01,,,,,
indice,GBL,2025,,400,8,,,,,,93.23,,,,,
indice,GBL,2025,,300,8,,,,,,86.97,,,,,
indice,GBL,2025,,200,8,,,,,,72.7,,,,,
indice,GBL,2025,,100,8,,,,,,55.36,,,,,
indice,GBL,2025,,raw,9,,,,,,19995.7,,,,,
indice,GBL,2025,,400,9,,,,,,257.91,,,,,
indice,GBL,2025,,300,9,,,,,,203.86,,,,,
indice,GBL,2025,,200,9,,,,,,148.65,,,,,
indice,GBL,2025,,100,9,,,,,,86.37,,,,,
indice,GBL,2025,,raw,10,,,,,,3148528.29,,,,,
indice,GBL,2025,,400,10,,,,,,235.63,,,,,
indice,GBL,2025,,300,10,,,,,,184.86,,,,,
indice,GBL,2025,,200,10,,,,,,133.81,,,,,
indice,GBL,2025,,100,10,,,,,,79.91,,,,,
indice,GBL,2025,,raw,11,,,,,,742134.3,,,,,
indice,GBL,2025,,400,11,,,,,,182.26,,,,,
indice,GBL,2025,,300,11,,,,,,147.39,,,,,
indice,GBL,2025,,200,11,,,,,,111.44,,,,,
indice,GBL,2025,,100,11,,,,,,71.95,,,,,
indice,GBL,2025,,raw,12,,,,,,1646463.7,,,,,
indice,GBL,2025,,400,12,,,,,,251.22,,,,,
indice,GBL,2025,,300,12,,,,,,202.18,,,,,
indice,GBL,2025,,200,12,,,,,,151.57,,,,,
indice,GBL,2025,,100,12,,,,,,87.86,,,,,
indice,GBL,2025,,raw,13,,,,,,87735.54,,,,,
indice,GBL,2025,,400,13,,,,,,228.73,,,,,
indice,GBL,2025,,300,13,,,,,,183.28,,,,,
indice,GBL,2025,,200,13,,,,,,136.46,,,,,
indice,GBL,2025,,100,13,,,,,,81.4,,,,,
indice,GBL,2025,,raw,14,,,,,,104360823.37,,,,,
indice,GBL,2025,,400,14,,,,,,355.73,,,,,
indice,GBL,2025,,300,14,,,,,,269.94,,,,,
indice,GBL,2025,,200,14,,,,,,184.12,,,,,
indice,GBL,2025,,100,14,,,,,,96.37,,,,,
indice,GBL,2025,,raw,15,,,,,,1747136.41,,,,,
indice,GBL,2025,,400,15,,,,,,263.57,,,,,
indice,GBL,2025,,300,15,,,,,,207.56,,,,,
indice,GBL,2025,,200,15,,,,,,150.03,,,,,
indice,GBL,2025,,100,15,,,,,,87.03,,,,,
indice,GBL,2025,,raw,16,,,,,,101597.54,,,,,
indice,GBL,2025,,400,16,,,,,,290.02,,,,,
indice,GBL,2025,,300,16,,,,,,225.3,,,,,
indice,GBL,2025,,200,16,,,,,,159.63,,,,,
indice,GBL,2025,,100,16,,,,,,87.98,,,,,
indice,GBL,2025,,raw,17,,,,,,990314.18,,,,,
indice,GBL,2025,,400,17,,,,,,212.08,,,,,
indice,GBL,2025,,300,17,,,,,,169.13,,,,,
indice,GBL,2025,,200,17,,,,,,122.07,,,,,
indice,GBL,2025,,100,17,,,,,,71.14,,,,,
indice,GBL,2025,,raw,18,,,,,,613.95,,,,,
indice,GBL,2025,,400,18,,,,,,99.45,,,,,
indice,GBL,2025,,300,18,,,,,,88.04,,,,,
indice,GBL,2025,,200,18,,,,,,73.18,,,,,
indice,GBL,2025,,100,18,,,,,,54.86,,,,,
indice,GBL,2025,,raw,19,,,,,,81.5,,,,,
indice,GBL,2025,,400,19,,,,,,69.44,,,,,
indice,GBL,2025,,300,19,,,,,,66.18,,,,,
indice,GBL,2025,,200,19,,,,,,62.8,,,,,
indice,GBL,2025,,100,19,,,,,,55.35,,,,,
indice,GBL,2025,,raw,20,,,,,,15967.86,,,,,
indice,GBL,2025,,400,20,,,,,,279.94,,,,,
indice,GBL,2025,,300,20,,,,,,217.97,,,,,
indice,GBL,2025,,200,20,,,,,,151.79,,,,,
indice,GBL,2025,,100,20,,,,,,83.52,,,,,
indice,GBL,2025,,raw,21,,,,,,265.88,,,,,
indice,GBL,2025,,400,21,,,,,,208.44,,,,,
indice,GBL,2025,,300,21,,,,,,168.16,,,,,
indice,GBL,2025,,200,21,,,,,,120.9,,,,,
indice,GBL,2025,,100,21,,,,,,71.25,,,,,
balanca,,2022,1,,,,,,,,,,562055.259,5224511.948,-4662456.689,
balanca,,2022,2,,,,,,,,,,612442.035,683807.423,-71365.388,
balanca,,2022,3,,,,,,,,,,520359.933,824313.749,-303953.816,
balanca,,2022,4,,,,,,,,,,622820.599,734340.208,-111519.61,
balanca,,2022,5,,,,,,,,,,743138.646,850722.72,-107584.074,
balanca,,2022,6,,,,,,,,,,825140.084,955626.543,-130486.459,
balanca,,2022,7,,,,,,,,,,804255.939,886424.99,-82169.051,
balanca,,2022,8,,,,,,,,,,663064.172,957868.57,-294804.397,
balanca,,2022,9,,,,,,,,,,754333.363,856161.027,-101827.664,
balanca,,2022,10,,,,,,,,,,808216.022,808063.224,152.798,
balanca,,2022,11,,,,,,,,,,690573.583,881791.936,-191218.353,
balanca,,2022,12,,,,,,,,,,674461.047,1007337.741,-332876.694,
balanca,,2023,1,,,,,,,,,,574262.092,664734.423,-90472.331,
balanca,,2023,2,,,,,,,,,,546254.687,765684.39,-219429.702,
balanca,,2023,3,,,,,,,,,,582251.245,848695.178,-266443.933,
balanca,,2023,4,,,,,,,,,,537649.91,766993.98,-229344.07,
balanca,,2023,5,,,,,,,,,,760280.952,845746.281,-85465.328,
balanca,,2023,6,,,,,,,,,,714193.881,860746.245,-146552.363,
balanca,,2023,7,,,,,,,,,,707279.185,767019.264,-59740.078,
balanca,,2023,8,,,,,,,,,,813325.393,870608.954,-57283.561,
balanca,,2023,9,,,,,,,,,,700061.533,836698.887,-136637.353,
balanca,,2023,10,,,,,,,,,,574533.543,978455.985,-403922.442,
balanca,,2023,11,,,,,,,,,,574507.324,981958.869,-407451.545,
balanca,,2023,12,,,,,,,,,,891902.198,785890.523,106011.674,
balanca,,2024,1,,,,,,,,,,532507.853,755779.183,-223271.33,
balanca,,2024,2,,,,,,,,,,594184.233,698800.98,-104616.748,
balanca,,2024,3,,,,,,,,,,639216.914,767572.946,-128356.032,
balanca,,2024,4,,,,,,,,,,594468.852,837373.345,-242904.494,
balanca,,2024,5,,,,,,,,,,721142.226,835316.618,-114174.392,
balanca,,2024,6,,,,,,,,,,710950.891,736536.607,-25585.716,
balanca,,2024,7,,,,,,,,,,813740.303,766207.077,47533.226,
balanca,,2024,8,,,,,,,,,,773464.036,948548.316,-175084.28,
balanca,,2024,9,,,,,,,,,,798902.765,754637.417,44265.349,
balanca,,2024,10,,,,,,,,,,483310.263,589322.459,-106012.196,
balanca,,2024,11,,,,,,,,,,503091.321,801029.314,-297937.992,
balanca,,2024,12,,,,,,,,,,543538.92,633816.255,-90277.334,
balanca,,2025,1,,,,,,,,,,869810.005,586043.345,283766.66,
balanca,,2025,2,,,,,,,,,,324936.234,557715.764,-232779.53,
balanca,,2025,3,,,,,,,,,,757710.283,513128,244582.283,
balanca,,2025,4,,,,,,,,,,559866.697,620991.587,-61124.89,
balanca,,2025,5,,,,,,,,,,583301.487,564267.01,19034.477,
balanca,,2025,6,,,,,,,,,,518818.649,568787.303,-49968.654,
balanca,,2025,7,,,,,,,,,,777660.041,674553.088,103106.953,
balanca,,2025,8,,,,,,,,,,508944.69,639222.697,-130278.007,
balanca,,2025,9,,,,,,,,,,512778.17,776179.107,-263400.937,
balanca,,2025,10,,,,,,,,,,727118.159,933910.872,-206792.713,
balanca,,2025,11,,,,,,,,,,724124.855,865971.477,-141846.622,
balanca,,2025,12,,,,,,,,,,637830.221,941340.945,-303510.724,
parceiro,EXP,2022,,,,Oceania,Ilhas Heard,-53.0818,73.5042,,,,,,,13.691
parceiro,EXP,2023,,,,Oceania,Terras Austrais Francesas,-49.2804,69.3486,,,,,,,24.229
parceiro,EXP,2025,,,,Outros Países Não Classificados,Terras Austrais Francesas,-49.2804,69.3486,,,,,,,62.53
parceiro,EXP,2024,,,,Oceania,Nova Zelândia,-40.9006,174.886,,,,,,,17.962
parceiro,EXP,2023,,,,Oceania,Nova Zelândia,-40.9006,174.886,,,,,,,44.897
parceiro,EXP,2022,,,,Oceania,Nova Zelândia,-40.9006,174.886,,,,,,,71.259
parceiro,EXP,2025,,,,Oceânia,Nova Zelândia,-40.9006,174.886,,,,,,,52.396
parceiro,EXP,2025,,,,América do Sul,Argentina,-38.4161,-63.6167,,,,,,,11.365
parceiro,EXP,2024,,,,América do Sul,Argentina,-38.4161,-63.6167,,,,,,,22.388
parceiro,EXP,2023,,,,América do Sul,Argentina,-38.4161,-63.6167,,,,,,,8.86
parceiro,EXP,2022,,,,América do Sul,Argentina,-38.4161,-63.6167,,,,,,,3.528
parceiro,EXP,2023,,,,América do Sul,Chile,-35.6751,-71.543,,,,,,,108.921
parceiro,EXP,2022,,,,América do Sul,Chile,-35.6751,-71.543,,,,,,,101.699
parceiro,EXP,2025,,,,África,Africa do Sul,-30.5595,22.9375,,,,,,,601858.404
parceiro,EXP,2022,,,,África,África do Sul,-30.5595,22.9375,,,,,,,1120583.524
parceiro,EXP,2025,,,,África,África  do Sul,-30.5595,22.9375,,,,,,,250028.51
parceiro,EXP,2025,,,,África,Lesoto,-29.6099,28.2336,,,,,,,1536.702
parceiro,EXP,2024,,,,África,Lesoto,-29.6099,28.2336,,,,,,,6222.167
parceiro,EXP,2023,,,,África,Lesoto,-29.6099,28.2336,,,,,,,10435.434
parceiro,EXP,2022,,,,África,Lesoto,-29.6099,28.2336,,,,,,,20942.74
parceiro,EXP,2024,,,,Oceania,Ilha Norfolk,-29.0408,167.9547,,,,,,,3.889
parceiro,EXP,2025,,,,África,Suazilândia,-26.5225,31.4659,,,,,,,15124.333
parceiro,EXP,2024,,,,África,Essuatíni,-26.5225,31.4659,,,,,,,19011.633
parceiro,EXP,2023,,,,África,Essuatíni,-26.5225,31.4659,,,,,,,19157.979
parceiro,EXP,2022,,,,África,Essuatíni,-26.5225,31.4659,,,,,,,64879.256
parceiro,EXP,2025,,,,África,Essuatíni,-26.5225,31.4659,,,,,,,4920.044
parceiro,EXP,2025,,,,Oceania,Austrália,-25.2744,133.7751,,,,,,,93.551
parceiro,EXP,2024,,,,Oceania,Austrália,-25.2744,133.7751,,,,,,,394.413
parceiro,EXP,2023,,,,Oceania,Austrália,-25.2744,133.7751,,,,,,,242.83
parceiro,EXP,2022,,,,Oceania,Austrália,-25.2744,133.7751,,,,,,,221.046
parceiro,EXP,2025,,,,Oceânia,Austrália,-25.2744,133.7751,,,,,,,35.205
parceiro,EXP,2025,,,,América do Sul,Paraguai,-23.4425,-58.4438,,,,,,,8
parceiro,EXP,2025,,,,África,Namíbia,-22.9576,18.4904,,,,,,,545.354
parceiro,EXP,2024,,,,África,Namíbia,-22.9576,18.4904,,,,,,,438.437
parceiro,EXP,2023,,,,África,Namíbia,-22.9576,18.4904,,,,,,,157.729
parceiro,EXP,2022,,,,África,Namíbia,-22.9576,18.4904,,,,,,,887.484
parceiro,EXP,2025,,,,África,Botsuana,-22.3285,24.6849,,,,,,,5388.521
parceiro,EXP,2024,,,,África,Botsuana,-22.3285,24.6849,,,,,,,19242.167
parceiro,EXP,2023,,,,África,Botsuana,-22.3285,24.6849,,,,,,,48278.814
parceiro,EXP,2022,,,,África,Botsuana,-22.3285,24.6849,,,,,,,40383.715
parceiro,EXP,2024,,,,África,Reunião,-21.1151,55.5364,,,,,,,76.358
parceiro,EXP,2023,,,,África,Reunião,-21.1151,55.5364,,,,,,,268.731
parceiro,EXP,2022,,,,África,Reunião,-21.1151,55.5364,,,,,,,575.321
parceiro,EXP,2025,,,,Europa,Reunião,-21.1151,55.5364,,,,,,,0.101
parceiro,EXP,2025,,,,África,MAURICIAS,-20.3484,57.5522,,,,,,,2751.356
parceiro,EXP,2024,,,,África,Maurícias,-20.3484,57.5522,,,,,,,10205.137
parceiro,EXP,2023,,,,África,Maurícias,-20.3484,57.5522,,,,,,,17119.759
parceiro,EXP,2022,,,,África,Maurícias,-20.3484,57.5522,,,,,,,16304.229
parceiro,EXP,2025,,,,África,Maurícias,-20.3484,57.5522,,,,,,,1468.988
parceiro,EXP,2025,,,,África,Zimbabue,-19.0154,29.1549,,,,,,,51430.268
parceiro,EXP,2024,,,,África,Zimbabué,-19.0154,29.1549,,,,,,,105929.051
parceiro,EXP,2023,,,,África,Zimbabué,-19.0154,29.1549,,,,,,,160588.867
parceiro,EXP,2022,,,,África,Zimbabué,-19.0154,29.1549,,,,,,,210846.66
parceiro,EXP,2025,,,,África,Zimbabué,-19.0154,29.1549,,,,,,,31096.155
parceiro,EXP,2025,,,,África,Madagáscar,-18.7669,46.8691,,,,,,,3987.315
parceiro,EXP,2024,,,,África,Madagáscar,-18.7669,46.8691,,,,,,,3498.607
parceiro,EXP,2023,,,,África,Madagáscar,-18.7669,46.8691,,,,,,,600.189
parceiro,EXP,2022,,,,África,Madagáscar,-18.7669,46.8691,,,,,,,1137.917
parceiro,EXP,2024,,,,Oceania,Polinésia Francesa,-17.6797,-149.4068,,,,,,,11.677
parceiro,EXP,2023,,,,Oceania,Polinésia Francesa,-17.6797,-149.4068,,,,,,,1.464
parceiro,EXP,2022,,,,Oceania,Polinésia Francesa,-17.6797,-149.4068,,,,,,,1.01
parceiro,EXP,2025,,,,América do Sul,Brasil,-14.235,-51.9253,,,,,,,6583.936
parceiro,EXP,2024,,,,América do Sul,Brasil,-14.235,-51.9253,,,,,,,1300.33
parceiro,EXP,2023,,,,América do Sul,Brasil,-14.235,-51.9253,,,,,,,1218.394
parceiro,EXP,2022,,,,América do Sul,Brasil,-14.235,-51.9253,,,,,,,3116.374
parceiro,EXP,2025,,,,América,Brasil,-14.235,-51.9253,,,,,,,4356.705
parceiro,EXP,2025,,,,África,Malawi,-13.2543,34.3015,,,,,,,25307.615
parceiro,EXP,2024,,,,África,Malaui,-13.2543,34.3015,,,,,,,43762.949
parceiro,EXP,2023,,,,África,Malaui,-13.2543,34.3015,,,,,,,48250.134
parceiro,EXP,2022,,,,África,Malaui,-13.2543,34.3015,,,,,,,47352.11
parceiro,EXP,2025,,,,África,Malaui,-13.2543,34.3015,,,,,,,14063.411
parceiro,EXP,2025,,,,África,Zambia,-13.1339,27.8493,,,,,,,116195.525
parceiro,EXP,2024,,,,África,Zâmbia,-13.1339,27.8493,,,,,,,164254.117
parceiro,EXP,2023,,,,África,Zâmbia,-13.1339,27.8493,,,,,,,80041.699
parceiro,EXP,2022,,,,África,Zâmbia,-13.1339,27.8493,,,,,,,101182.216
parceiro,EXP,2025,,,,África,Zâmbia,-13.1339,27.8493,,,,,,,54196.648
parceiro,EXP,2025,,,,África,Mayotte,-12.8275,45.1662,,,,,,,11.362
parceiro,EXP,2024,,,,África,Maiote,-12.8275,45.1662,,,,,,,27.824
parceiro,EXP,2023,,,,África,Maiote,-12.8275,45.1662,,,,,,,5.859
parceiro,EXP,2025,,,,África,Comores,-11.6455,43.3333,,,,,,,528.936
parceiro,EXP,2025,,,,África,Angola,-11.2027,17.8739,,,,,,,18849.592
parceiro,EXP,2024,,,,África,Angola,-11.2027,17.8739,,,,,,,44642.924
parceiro,EXP,2023,,,,África,Angola,-11.2027,17.8739,,,,,,,3647.272
parceiro,EXP,2022,,,,África,Angola,-11.2027,17.8739,,,,,,,2984.91
parceiro,EXP,2024,,,,Ásia,Timor-Leste,-8.8742,125.7275,,,,,,,1.727
parceiro,EXP,2023,,,,Ásia,Timor-Leste,-8.8742,125.7275,,,,,,,3.534
parceiro,EXP,2025,,,,África,Tanzânia,-6.369,34.8888,,,,,,,4564.8
parceiro,EXP,2024,,,,África,Tanzânia,-6.369,34.8888,,,,,,,2581.679
parceiro,EXP,2023,,,,África,Tanzânia,-6.369,34.8888,,,,,,,1396.063
parceiro,EXP,2022,,,,África,Tanzânia,-6.369,34.8888,,,,,,,5692.179
parceiro,EXP,2023,,,,África,Seicheles,-4.6796,55.492,,,,,,,11.202
parceiro,EXP,2022,,,,África,Seicheles,-4.6796,55.492,,,,,,,1.485
parceiro,EXP,2024,,,,África,RD Congo,-4.0383,21.7587,,,,,,,3746.043
parceiro,EXP,2023,,,,África,RD Congo,-4.0383,21.7587,,,,,,,5082.658
parceiro,EXP,2022,,,,África,RD Congo,-4.0383,21.7587,,,,,,,10077.73
parceiro,EXP,2024,,,,África,Burundi,-3.3731,29.9189,,,,,,,450.371
parceiro,EXP,2023,,,,África,Burundi,-3.3731,29.9189,,,,,,,512.739
parceiro,EXP,2025,,,,África,Ruanda,-1.9403,29.8739,,,,,,,152.603
parceiro,EXP,2024,,,,África,Ruanda,-1.9403,29.8739,,,,,,,15.664
parceiro,EXP,2023,,,,África,Ruanda,-1.9403,29.8739,,,,,,,715.029
parceiro,EXP,2022,,,,África,Ruanda,-1.9403,29.8739,,,,,,,276.584
parceiro,EXP,2023,,,,América do Sul,Equador,-1.8312,-78.1834,,,,,,,227.3
parceiro,EXP,2025,,,,África,Quénia,-1.2864,36.8172,,,,,,,777.277
parceiro,EXP,2024,,,,África,Quénia,-1.2864,36.8172,,,,,,,295.359
parceiro,EXP,2023,,,,África,Quénia,-1.2864,36.8172,,,,,,,1359.385
parceiro,EXP,2022,,,,África,Quénia,-1.2864,36.8172,,,,,,,27688.542
parceiro,EXP,2025,,,,África,Gabão,-0.8037,11.6094,,,,,,,108.747
parceiro,EXP,2024,,,,África,Gabão,-0.8037,11.6094,,,,,,,42.338
parceiro,EXP,2023,,,,África,Gabão,-0.8037,11.6094,,,,,,,249.444
parceiro,EXP,2022,,,,África,Gabão,-0.8037,11.6094,,,,,,,19.62
parceiro,EXP,2025,,,,Ásia,Indonésia,-0.7893,113.9213,,,,,,,16652.804
parceiro,EXP,2024,,,,Ásia,Indonésia,-0.7893,113.9213,,,,,,,23386.482
parceiro,EXP,2023,,,,Ásia,Indonésia,-0.7893,113.9213,,,,,,,64964.103
parceiro,EXP,2022,,,,Ásia,Indonésia,-0.7893,113.9213,,,,,,,31546.845
parceiro,EXP,2025,,,,África,CONGO,-0.228,15.8277,,,,,,,10125.2
parceiro,EXP,2024,,,,África,Congo,-0.228,15.8277,,,,,,,19653.397
parceiro,EXP,2023,,,,África,Congo,-0.228,15.8277,,,,,,,4886.347
parceiro,EXP,2022,,,,África,Congo,-0.228,15.8277,,,,,,,4193.461
parceiro,EXP,2025,,,,África,São Tomé e Príncipe,0.1864,6.6131,,,,,,,31.219
parceiro,EXP,2025,,,,Ásia,Singapura,1.3521,103.8198,,,,,,,497930.367
parceiro,EXP,2024,,,,Ásia,Singapura,1.3521,103.8198,,,,,,,654568.664
parceiro,EXP,2023,,,,Ásia,Singapura,1.3521,103.8198,,,,,,,381869.975
parceiro,EXP,2022,,,,Ásia,Singapura,1.3521,103.8198,,,,,,,320072.124
parceiro,EXP,2025,,,,África,Uganda,1.3733,32.2903,,,,,,,194.509
parceiro,EXP,2024,,,,África,Uganda,1.3733,32.2903,,,,,,,89.429
parceiro,EXP,2023,,,,África,Uganda,1.3733,32.2903,,,,,,,2511.523
parceiro,EXP,2022,,,,África,Uganda,1.3733,32.2903,,,,,,,367.869
parceiro,EXP,2025,,,,África,Guine Equatorial,1.6508,10.2679,,,,,,,4.333
parceiro,EXP,2023,,,,África,Guiné Equatorial,1.6508,10.2679,,,,,,,3031.703
parceiro,EXP,2025,,,,Ásia,Malaysia,4.2105,101.9758,,,,,,,38313.382
parceiro,EXP,2024,,,,Ásia,Malásia,4.2105,101.9758,,,,,,,138092.364
parceiro,EXP,2023,,,,Ásia,Malásia,4.2105,101.9758,,,,,,,27580.387
parceiro,EXP,2022,,,,Ásia,Malásia,4.2105,101.9758,,,,,,,71522.417
parceiro,EXP,2025,,,,Ásia,Malásia,4.2105,101.9758,,,,,,,356.673
parceiro,EXP,2024,,,,Ásia,Brunei,4.5353,114.7277,,,,,,,1.979
parceiro,EXP,2023,,,,Ásia,Brunei,4.5353,114.7277,,,,,,,12.719
parceiro,EXP,2022,,,,Ásia,Brunei,4.5353,114.7277,,,,,,,92.898
parceiro,EXP,2025,,,,América do Sul,Colômbia,4.5709,-74.2973,,,,,,,0.267
parceiro,EXP,2024,,,,América do Sul,Colômbia,4.5709,-74.2973,,,,,,,9.279
parceiro,EXP,2023,,,,América do Sul,Colômbia,4.5709,-74.2973,,,,,,,20.009
parceiro,EXP,2025,,,,América do Sul,Guyana,4.8604,-58.9302,,,,,,,142.273
parceiro,EXP,2023,,,,África,Somália,5.1521,46.1996,,,,,,,16.155
parceiro,EXP,2023,,,,América do Sul,Venezuela,6.4238,-66.5897,,,,,,,268.561
parceiro,EXP,2025,,,,África,Libéria,6.4281,-9.4295,,,,,,,52.419
parceiro,EXP,2024,,,,África,Libéria,6.4281,-9.4295,,,,,,,77.39
parceiro,EXP,2023,,,,África,Libéria,6.4281,-9.4295,,,,,,,15558.362
parceiro,EXP,2022,,,,África,Libéria,6.4281,-9.4295,,,,,,,54.264
parceiro,EXP,2024,,,,África,República Centro-Africana,6.6111,20.9394,,,,,,,60.34
parceiro,EXP,2025,,,,África,SOUTH SUDAN,6.877,31.307,,,,,,,22.799
parceiro,EXP,2023,,,,África,Sudão do Sul,6.877,31.307,,,,,,,1.454
parceiro,EXP,2025,,,,África,Sudão do Sul,6.877,31.307,,,,,,,11.935
parceiro,EXP,2025,,,,Oceania,Ilhas Marshall,7.1315,171.1845,,,,,,,45.633
parceiro,EXP,2024,,,,Oceania,Ilhas Marshall,7.1315,171.1845,,,,,,,172.928
parceiro,EXP,2023,,,,Oceania,Ilhas Marshall,7.1315,171.1845,,,,,,,32.422
parceiro,EXP,2022,,,,Oceania,Ilhas Marshall,7.1315,171.1845,,,,,,,8.787
parceiro,EXP,2025,,,,África,Camarões,7.3697,12.3547,,,,,,,58.752
parceiro,EXP,2024,,,,África,Camarões,7.3697,12.3547,,,,,,,21.16
parceiro,EXP,2023,,,,África,Camarões,7.3697,12.3547,,,,,,,30.62
parceiro,EXP,2022,,,,África,Camarões,7.3697,12.3547,,,,,,,378.799
parceiro,EXP,2024,,,,Oceania,Micronésia,7.4256,150.5508,,,,,,,95.645
parceiro,EXP,2025,,,,África,Costa do Marfim,7.54,-5.5471,,,,,,,309.903
parceiro,EXP,2024,,,,África,Costa do Marfim,7.54,-5.5471,,,,,,,240.939
parceiro,EXP,2023,,,,África,Costa do Marfim,7.54,-5.5471,,,,,,,301.906
parceiro,EXP,2022,,,,África,Costa do Marfim,7.54,-5.5471,,,,,,,5384.311
parceiro,EXP,2025,,,,Ásia,Sri Lanka,7.8731,80.7718,,,,,,,115.131
parceiro,EXP,2024,,,,Ásia,Sri Lanka,7.8731,80.7718,,,,,,,43.766
parceiro,EXP,2023,,,,Ásia,Sri Lanka,7.8731,80.7718,,,,,,,780.526
parceiro,EXP,2022,,,,Ásia,Sri Lanka,7.8731,80.7718,,,,,,,770.628
parceiro,EXP,2025,,,,África,Ghana,7.9465,-1.0232,,,,,,,82.16
parceiro,EXP,2024,,,,África,Gana,7.9465,-1.0232,,,,,,,86.265
parceiro,EXP,2023,,,,África,Gana,7.9465,-1.0232,,,,,,,226.397
parceiro,EXP,2022,,,,África,Gana,7.9465,-1.0232,,,,,,,2567.135
parceiro,EXP,2025,,,,África,Gana,7.9465,-1.0232,,,,,,,2.527
parceiro,EXP,2025,,,,África,Serra Leoa,8.4606,-11.7799,,,,,,,404.882
parceiro,EXP,2025,,,,América do Sul,Panama,8.538,-80.7821,,,,,,,11.817
parceiro,EXP,2023,,,,América do Sul,Panamá,8.538,-80.7821,,,,,,,1.323
parceiro,EXP,2022,,,,América do Sul,Panamá,8.538,-80.7821,,,,,,,12.312
parceiro,EXP,2025,,,,América,Panamá,8.538,-80.7821,,,,,,,8.653
parceiro,EXP,2025,,,,África,Togo,8.6195,0.8248,,,,,,,12.801
parceiro,EXP,2024,,,,África,Togo,8.6195,0.8248,,,,,,,11.615
parceiro,EXP,2023,,,,África,Togo,8.6195,0.8248,,,,,,,5479.023
parceiro,EXP,2022,,,,África,Togo,8.6195,0.8248,,,,,,,15196.616
parceiro,EXP,2025,,,,África,Nigéria,9.082,8.6753,,,,,,,1719.282
parceiro,EXP,2024,,,,África,Nigéria,9.082,8.6753,,,,,,,2819.134
parceiro,EXP,2023,,,,África,Nigéria,9.082,8.6753,,,,,,,6154.065
parceiro,EXP,2022,,,,África,Nigéria,9.082,8.6753,,,,,,,3604.459
parceiro,EXP,2025,,,,África,Etiópia,9.145,40.4897,,,,,,,27.023
parceiro,EXP,2024,,,,África,Etiópia,9.145,40.4897,,,,,,,31.257
parceiro,EXP,2023,,,,África,Etiópia,9.145,40.4897,,,,,,,3158.519
parceiro,EXP,2022,,,,África,Etiópia,9.145,40.4897,,,,,,,96.15
parceiro,EXP,2023,,,,África,Benin,9.3077,2.3158,,,,,,,106.159
parceiro,EXP,2025,,,,América do Norte,Costa Rica,9.7489,-83.7534,,,,,,,100.365
parceiro,EXP,2025,,,,África,Guine,9.9456,-9.6966,,,,,,,261.534
parceiro,EXP,2024,,,,África,Guiné,9.9456,-9.6966,,,,,,,44.19
parceiro,EXP,2023,,,,África,Guiné,9.9456,-9.6966,,,,,,,503.044
parceiro,EXP,2022,,,,África,Guiné,9.9456,-9.6966,,,,,,,5.684
parceiro,EXP,2024,,,,América do Sul,Trindade e Tobago,10.6918,-61.2225,,,,,,,2.703
parceiro,EXP,2022,,,,África,Guiné Bissau,11.8037,-15.1804,,,,,,,0.505
parceiro,EXP,2023,,,,África,Jiboti,11.8251,42.5903,,,,,,,999.61
parceiro,EXP,2022,,,,África,Jiboti,11.8251,42.5903,,,,,,,552.116
parceiro,EXP,2025,,,,América do Norte,Antilhas Holandesas,12.2261,-69.0601,,,,,,,22.439
parceiro,EXP,2023,,,,América do Norte,Antilhas Holandesas,12.2261,-69.0601,,,,,,,84.417
parceiro,EXP,2022,,,,América do Norte,Antilhas Holandesas,12.2261,-69.0601,,,,,,,2378.828
parceiro,EXP,2025,,,,América,Antilhas Holandesas,12.2261,-69.0601,,,,,,,186.195
parceiro,EXP,2025,,,,África,Burquina Faso,12.2383,-1.5616,,,,,,,129.609
parceiro,EXP,2022,,,,África,Burquina Fasso,12.2383,-1.5616,,,,,,,8.267
parceiro,EXP,2025,,,,Ásia,Camboja,12.5657,104.991,,,,,,,943.564
parceiro,EXP,2024,,,,Ásia,Camboja,12.5657,104.991,,,,,,,5.049
parceiro,EXP,2023,,,,Ásia,Camboja,12.5657,104.991,,,,,,,497.565
parceiro,EXP,2023,,,,América do Norte,Nicarágua,12.8654,-85.2072,,,,,,,2.634
parceiro,EXP,2025,,,,América,Nicarágua,12.8654,-85.2072,,,,,,,8.074
parceiro,EXP,2025,,,,Ásia,Filipinas,12.8797,121.774,,,,,,,30491.688
parceiro,EXP,2024,,,,Ásia,Filipinas,12.8797,121.774,,,,,,,1276.129
parceiro,EXP,2023,,,,Ásia,Filipinas,12.8797,121.774,,,,,,,2524.99
parceiro,EXP,2022,,,,Ásia,Filipinas,12.8797,121.774,,,,,,,24775.631
parceiro,EXP,2025,,,,América do Norte,Barbados,13.1939,-59.5432,,,,,,,1.487
parceiro,EXP,2022,,,,América do Norte,Barbados,13.1939,-59.5432,,,,,,,7.068
parceiro,EXP,2023,,,,África,Gâmbia,13.4432,-15.3101,,,,,,,0.001
parceiro,EXP,2022,,,,África,Gâmbia,13.4432,-15.3101,,,,,,,3.67
parceiro,EXP,2024,,,,América do Norte,EUA Territórios Insulares,13.4443,144.7937,,,,,,,84746.318
parceiro,EXP,2023,,,,América do Norte,EUA Territórios Insulares,13.4443,144.7937,,,,,,,43273.589
parceiro,EXP,2022,,,,América do Norte,EUA Territórios Insulares,13.4443,144.7937,,,,,,,51180.977
parceiro,EXP,2025,,,,Ásia,Vietname,14.0583,108.2772,,,,,,,279696.528
parceiro,EXP,2024,,,,Ásia,Vietname,14.0583,108.2772,,,,,,,350747.744
parceiro,EXP,2023,,,,Ásia,Vietname,14.0583,108.2772,,,,,,,324325
parceiro,EXP,2022,,,,Ásia,Vietname,14.0583,108.2772,,,,,,,172800.746
parceiro,EXP,2025,,,,África,Senegal,14.4974,-14.4524,,,,,,,3796.023
parceiro,EXP,2024,,,,África,Senegal,14.4974,-14.4524,,,,,,,11859.419
parceiro,EXP,2023,,,,África,Senegal,14.4974,-14.4524,,,,,,,5367.523
parceiro,EXP,2022,,,,África,Senegal,14.4974,-14.4524,,,,,,,6368.554
parceiro,EXP,2023,,,,América do Norte,Honduras,15.2,-86.2419,,,,,,,214.595
parceiro,EXP,2025,,,,África,Chade,15.4542,18.7322,,,,,,,0.326
parceiro,EXP,2022,,,,Ásia,Iémen,15.5527,48.5164,,,,,,,47.454
parceiro,EXP,2025,,,,Ásia,Tailândia,15.87,100.9925,,,,,,,322869.193
parceiro,EXP,2024,,,,Ásia,Tailândia,15.87,100.9925,,,,,,,139817.475
parceiro,EXP,2023,,,,Ásia,Tailândia,15.87,100.9925,,,,,,,360590.306
parceiro,EXP,2022,,,,Ásia,Tailândia,15.87,100.9925,,,,,,,174385.978
parceiro,EXP,2025,,,,África,Cabo Verde,16.5388,-23.0418,,,,,,,8
parceiro,EXP,2024,,,,África,Cabo Verde,16.5388,-23.0418,,,,,,,10.812
parceiro,EXP,2023,,,,África,Cabo Verde,16.5388,-23.0418,,,,,,,8.079
parceiro,EXP,2022,,,,América do Norte,Antigua e Barbuda,17.0608,-61.7964,,,,,,,3.114
parceiro,EXP,2025,,,,África,Mali,17.5707,-3.9962,,,,,,,5.088
parceiro,EXP,2023,,,,África,Mali,17.5707,-3.9962,,,,,,,20.197
parceiro,EXP,2022,,,,África,Mali,17.5707,-3.9962,,,,,,,20.178
parceiro,EXP,2024,,,,África,Níger,17.6078,8.0817,,,,,,,8.079
parceiro,EXP,2023,,,,África,Níger,17.6078,8.0817,,,,,,,1120.697
parceiro,EXP,2022,,,,África,Níger,17.6078,8.0817,,,,,,,1.564
parceiro,EXP,2023,,,,América do Norte,Jamaica,18.1096,-77.2975,,,,,,,26.083
parceiro,EXP,2025,,,,América do Norte,Ilhas Virgens Americanas,18.3358,-64.8963,,,,,,,108.915
parceiro,EXP,2024,,,,América do Norte,Ilhas Virgens Americanas,18.3358,-64.8963,,,,,,,93.925
parceiro,EXP,2025,,,,América do Norte,República Dominicana,18.7357,-70.1627,,,,,,,220.441
parceiro,EXP,2023,,,,América do Norte,República Dominicana,18.7357,-70.1627,,,,,,,1989.473
parceiro,EXP,2022,,,,América do Norte,República Dominicana,18.7357,-70.1627,,,,,,,452.256
parceiro,EXP,2025,,,,Ásia,Laos,19.8563,102.4955,,,,,,,8
parceiro,EXP,2024,,,,Ásia,Laos,19.8563,102.4955,,,,,,,8.075
parceiro,EXP,2025,,,,Ásia,India,20.5937,78.9629,,,,,,,1144210.783
parceiro,EXP,2024,,,,Ásia,Índia,20.5937,78.9629,,,,,,,1435851.666
parceiro,EXP,2023,,,,Ásia,Índia,20.5937,78.9629,,,,,,,1291135.634
parceiro,EXP,2022,,,,Ásia,Índia,20.5937,78.9629,,,,,,,1744679.271
parceiro,EXP,2025,,,,Ásia,Índia,20.5937,78.9629,,,,,,,444249.965
parceiro,EXP,2024,,,,África,Mauritânia,21.0079,-10.9408,,,,,,,88.492
parceiro,EXP,2022,,,,África,Mauritânia,21.0079,-10.9408,,,,,,,101.731
parceiro,EXP,2025,,,,Ásia,Oman,21.4735,55.9754,,,,,,,7.753
parceiro,EXP,2024,,,,Ásia,Omã,21.4735,55.9754,,,,,,,2008.088
parceiro,EXP,2023,,,,Ásia,Omã,21.4735,55.9754,,,,,,,550.131
parceiro,EXP,2025,,,,Ásia,Omã,21.4735,55.9754,,,,,,,0.02
parceiro,EXP,2025,,,,América do Norte,Cuba,21.5218,-77.7812,,,,,,,104.364
parceiro,EXP,2024,,,,América do Norte,Cuba,21.5218,-77.7812,,,,,,,49.336
parceiro,EXP,2023,,,,América do Norte,Cuba,21.5218,-77.7812,,,,,,,151.553
parceiro,EXP,2022,,,,América do Norte,Cuba,21.5218,-77.7812,,,,,,,567.423
parceiro,EXP,2025,,,,América,Cuba,21.5218,-77.7812,,,,,,,25.513
parceiro,EXP,2023,,,,América do Norte,Ilhas Turks e Caicos,21.694,-71.7979,,,,,,,161.149
parceiro,EXP,2025,,,,Ásia,Hong Kong,22.3964,114.1095,,,,,,,75047.7
parceiro,EXP,2024,,,,Ásia,Hong Kong,22.3964,114.1095,,,,,,,50401.711
parceiro,EXP,2023,,,,Ásia,Hong Kong,22.3964,114.1095,,,,,,,95462.275
parceiro,EXP,2022,,,,Ásia,Hong Kong,22.3964,114.1095,,,,,,,42478.423
parceiro,EXP,2025,,,,Ásia,EMIRATOS ARABES UNIDOS,23.4241,53.8478,,,,,,,153782.016
parceiro,EXP,2024,,,,Ásia,Emirados Árabes Unidos,23.4241,53.8478,,,,,,,178912.6
parceiro,EXP,2023,,,,Ásia,Emirados Árabes Unidos,23.4241,53.8478,,,,,,,178646.364
parceiro,EXP,2022,,,,Ásia,Emirados Árabes Unidos,23.4241,53.8478,,,,,,,148365.159
parceiro,EXP,2025,,,,Ásia,Emirados Árabes Unidos,23.4241,53.8478,,,,,,,22277.408
parceiro,EXP,2025,,,,América do Norte,México,23.6345,-102.5528,,,,,,,12813.305
parceiro,EXP,2024,,,,América do Norte,México,23.6345,-102.5528,,,,,,,5973.418
parceiro,EXP,2023,,,,América do Norte,México,23.6345,-102.5528,,,,,,,5057.189
parceiro,EXP,2022,,,,América do Norte,México,23.6345,-102.5528,,,,,,,16200.195
parceiro,EXP,2025,,,,América,México,23.6345,-102.5528,,,,,,,11677.301
parceiro,EXP,2025,,,,Ásia,Bangladesh,23.685,90.3563,,,,,,,108828.349
parceiro,EXP,2024,,,,Ásia,Bangladesh,23.685,90.3563,,,,,,,3343.786
parceiro,EXP,2023,,,,Ásia,Bangladesh,23.685,90.3563,,,,,,,42407.578
parceiro,EXP,2022,,,,Ásia,Bangladesh,23.685,90.3563,,,,,,,4867.618
parceiro,EXP,2025,,,,Ásia,Taiwan,23.6978,120.9605,,,,,,,1036.981
parceiro,EXP,2024,,,,Ásia,Taiwan,23.6978,120.9605,,,,,,,42766.667
parceiro,EXP,2023,,,,Ásia,Taiwan,23.6978,120.9605,,,,,,,471.107
parceiro,EXP,2022,,,,Ásia,Taiwan,23.6978,120.9605,,,,,,,1111.002
parceiro,EXP,2025,,,,Ásia,Arábia Saudita,23.8859,45.0792,,,,,,,67543.123
parceiro,EXP,2024,,,,Ásia,Arábia Saudita,23.8859,45.0792,,,,,,,40376.446
parceiro,EXP,2023,,,,Ásia,Arábia Saudita,23.8859,45.0792,,,,,,,69071.521
parceiro,EXP,2022,,,,Ásia,Arábia Saudita,23.8859,45.0792,,,,,,,37433.753
parceiro,EXP,2025,,,,América do Norte,Bahamas,25.0343,-77.3963,,,,,,,6.34
parceiro,EXP,2024,,,,América do Norte,Bahamas,25.0343,-77.3963,,,,,,,405.777
parceiro,EXP,2022,,,,América do Norte,Bahamas,25.0343,-77.3963,,,,,,,381.327
parceiro,EXP,2024,,,,Ásia,Qatar,25.3548,51.1839,,,,,,,1.308
parceiro,EXP,2023,,,,Ásia,Qatar,25.3548,51.1839,,,,,,,130.743
parceiro,EXP,2022,,,,Ásia,Qatar,25.3548,51.1839,,,,,,,84.013
parceiro,EXP,2025,,,,Ásia,Qatar,25.3548,51.1839,,,,,,,597.159
parceiro,EXP,2025,,,,Ásia,Barém,26.0667,50.5577,,,,,,,64032.367
parceiro,EXP,2024,,,,Ásia,Barém,26.0667,50.5577,,,,,,,28115.325
parceiro,EXP,2023,,,,Ásia,Barém,26.0667,50.5577,,,,,,,86174.381
parceiro,EXP,2022,,,,Ásia,Barém,26.0667,50.5577,,,,,,,39911.214
parceiro,EXP,2025,,,,África,Egipto,26.8206,30.8025,,,,,,,11694.048
parceiro,EXP,2024,,,,África,Egipto,26.8206,30.8025,,,,,,,9762.567
parceiro,EXP,2023,,,,África,Egipto,26.8206,30.8025,,,,,,,14.048
parceiro,EXP,2022,,,,África,Egipto,26.8206,30.8025,,,,,,,13.829
parceiro,EXP,2024,,,,África,Argélia,28.0339,1.6596,,,,,,,5.889
parceiro,EXP,2023,,,,África,Argélia,28.0339,1.6596,,,,,,,104.782
parceiro,EXP,2025,,,,Ásia,Nepal,28.3949,84.124,,,,,,,8
parceiro,EXP,2024,,,,Ásia,Nepal,28.3949,84.124,,,,,,,79.065
parceiro,EXP,2023,,,,Ásia,Nepal,28.3949,84.124,,,,,,,245.174
parceiro,EXP,2022,,,,Ásia,Nepal,28.3949,84.124,,,,,,,560.954
parceiro,EXP,2025,,,,Ásia,Koweit,29.3117,47.4818,,,,,,,38236.13
parceiro,EXP,2024,,,,Ásia,Koweit,29.3117,47.4818,,,,,,,8059.012
parceiro,EXP,2023,,,,Ásia,Koweit,29.3117,47.4818,,,,,,,65893.555
parceiro,EXP,2022,,,,Ásia,Koweit,29.3117,47.4818,,,,,,,13318.867
parceiro,EXP,2024,,,,Zona Neutra,Zona Neutra,29.9792,31.1342,,,,,,,67.164
parceiro,EXP,2023,,,,Zona Neutra,Zona Neutra,29.9792,31.1342,,,,,,,230.585
parceiro,EXP,2022,,,,Zona Neutra,Zona Neutra,29.9792,31.1342,,,,,,,7.609
parceiro,EXP,2025,,,,Ásia,Paquistão,30.3753,69.3451,,,,,,,2419.869
parceiro,EXP,2024,,,,Ásia,Paquistão,30.3753,69.3451,,,,,,,4341.065
parceiro,EXP,2023,,,,Ásia,Paquistão,30.3753,69.3451,,,,,,,33512.67
parceiro,EXP,2022,,,,Ásia,Paquistão,30.3753,69.3451,,,,,,,148051.73
parceiro,EXP,2025,,,,Ásia,Jordânia,30.5852,36.2384,,,,,,,36.72
parceiro,EXP,2024,,,,Ásia,Jordânia,30.5852,36.2384,,,,,,,10.099
parceiro,EXP,2023,,,,Ásia,Jordânia,30.5852,36.2384,,,,,,,355.852
parceiro,EXP,2025,,,,Ásia,israel,31.0461,34.8516,,,,,,,491.4
parceiro,EXP,2024,,,,Ásia,Israel,31.0461,34.8516,,,,,,,838.911
parceiro,EXP,2023,,,,Ásia,Israel,31.0461,34.8516,,,,,,,621.808
parceiro,EXP,2022,,,,Ásia,Israel,31.0461,34.8516,,,,,,,181.528
parceiro,EXP,2025,,,,Ásia,Israel,31.0461,34.8516,,,,,,,37.141
parceiro,EXP,2025,,,,África,MARROCOS,31.7917,-7.0926,,,,,,,2983.088
parceiro,EXP,2024,,,,África,Marrocos,31.7917,-7.0926,,,,,,,3475.92
parceiro,EXP,2023,,,,África,Marrocos,31.7917,-7.0926,,,,,,,4.32
parceiro,EXP,2022,,,,África,Marrocos,31.7917,-7.0926,,,,,,,1007.24
parceiro,EXP,2023,,,,América do Norte,Bermudas,32.3078,-64.7505,,,,,,,1.779
parceiro,EXP,2025,,,,Ásia,Iraque,33.2232,43.6793,,,,,,,980
parceiro,EXP,2024,,,,Ásia,Iraque,33.2232,43.6793,,,,,,,0.416
parceiro,EXP,2023,,,,Ásia,Iraque,33.2232,43.6793,,,,,,,329.288
parceiro,EXP,2022,,,,Ásia,Iraque,33.2232,43.6793,,,,,,,30.187
parceiro,EXP,2025,,,,Ásia,Líbano,33.8547,35.8623,,,,,,,26.601
parceiro,EXP,2024,,,,Ásia,Líbano,33.8547,35.8623,,,,,,,16.818
parceiro,EXP,2023,,,,Ásia,Líbano,33.8547,35.8623,,,,,,,263.981
parceiro,EXP,2022,,,,Ásia,Líbano,33.8547,35.8623,,,,,,,360.162
parceiro,EXP,2024,,,,África,Tunísia,33.8869,9.5375,,,,,,,12.116
parceiro,EXP,2023,,,,África,Tunísia,33.8869,9.5375,,,,,,,8.078
parceiro,EXP,2022,,,,África,Tunísia,33.8869,9.5375,,,,,,,3.028
parceiro,EXP,2025,,,,África,Tunísia,33.8869,9.5375,,,,,,,64.691
parceiro,EXP,2025,,,,Ásia,Afghanistan,33.9391,67.71,,,,,,,6.378
parceiro,EXP,2024,,,,Ásia,Afeganistão,33.9391,67.71,,,,,,,139.729
parceiro,EXP,2023,,,,Ásia,Afeganistão,33.9391,67.71,,,,,,,36.243
parceiro,EXP,2022,,,,Ásia,Afeganistão,33.9391,67.71,,,,,,,10.435
parceiro,EXP,2025,,,,Ásia,Afeganistão,33.9391,67.71,,,,,,,13.109
parceiro,EXP,2025,,,,Ásia,Chipre,35.1264,33.4299,,,,,,,116.875
parceiro,EXP,2024,,,,Ásia,Chipre,35.1264,33.4299,,,,,,,61.581
parceiro,EXP,2023,,,,Ásia,Chipre,35.1264,33.4299,,,,,,,173.752
parceiro,EXP,2022,,,,Ásia,Chipre,35.1264,33.4299,,,,,,,197.38
parceiro,EXP,2025,,,,Europa,Chipre,35.1264,33.4299,,,,,,,14.991
parceiro,EXP,2025,,,,Ásia,China,35.8617,104.1954,,,,,,,707461.586
parceiro,EXP,2024,,,,Ásia,China,35.8617,104.1954,,,,,,,1153190.52
parceiro,EXP,2023,,,,Ásia,China,35.8617,104.1954,,,,,,,1139386.988
parceiro,EXP,2022,,,,Ásia,China,35.8617,104.1954,,,,,,,428515.793
parceiro,EXP,2025,,,,Ásia,Coreia do Sul,35.9078,127.7669,,,,,,,561152.379
parceiro,EXP,2024,,,,Ásia,Coreia do Sul,35.9078,127.7669,,,,,,,407759.85
parceiro,EXP,2023,,,,Ásia,Coreia do Sul,35.9078,127.7669,,,,,,,468504.765
parceiro,EXP,2022,,,,Ásia,Coreia do Sul,35.9078,127.7669,,,,,,,501045.35
parceiro,EXP,2024,,,,Europa,Malta,35.9375,14.3754,,,,,,,5.611
parceiro,EXP,2023,,,,Europa,Malta,35.9375,14.3754,,,,,,,0.686
parceiro,EXP,2022,,,,Europa,Malta,35.9375,14.3754,,,,,,,16.408
parceiro,EXP,2022,,,,Europa,Gibraltar,36.1408,-5.3536,,,,,,,30.287
parceiro,EXP,2025,,,,Ásia,Japão,36.2048,138.2529,,,,,,,244752.033
parceiro,EXP,2024,,,,Ásia,Japão,36.2048,138.2529,,,,,,,82903.154
parceiro,EXP,2023,,,,Ásia,Japão,36.2048,138.2529,,,,,,,131247.063
parceiro,EXP,2022,,,,Ásia,Japão,36.2048,138.2529,,,,,,,115422.89
parceiro,EXP,2025,,,,América do Norte,United States,37.0902,-95.7129,,,,,,,64009.641
parceiro,EXP,2024,,,,América do Norte,Estados Unidos,37.0902,-95.7129,,,,,,,102633.999
parceiro,EXP,2023,,,,América do Norte,Estados Unidos,37.0902,-95.7129,,,,,,,108693.967
parceiro,EXP,2022,,,,América do Norte,Estados Unidos,37.0902,-95.7129,,,,,,,124255.996
parceiro,EXP,2025,,,,América,Estados Unidos,37.0902,-95.7129,,,,,,,20854.131
parceiro,EXP,2023,,,,Ásia,Tajiquistão,38.861,71.2761,,,,,,,0.001
parceiro,EXP,2025,,,,Ásia,Turquia,38.9637,35.2433,,,,,,,62028.039
parceiro,EXP,2024,,,,Ásia,Turquia,38.9637,35.2433,,,,,,,7911.785
parceiro,EXP,2023,,,,Ásia,Turquia,38.9637,35.2433,,,,,,,62395.213
parceiro,EXP,2022,,,,Ásia,Turquia,38.9637,35.2433,,,,,,,28548.115
parceiro,EXP,2025,,,,Europa,Turquia,38.9637,35.2433,,,,,,,376.567
parceiro,EXP,2025,,,,Ásia,Turquemenistão,38.9697,59.5563,,,,,,,5.56
parceiro,EXP,2025,,,,Europa,Grecia,39.0742,21.8243,,,,,,,21705.02
parceiro,EXP,2024,,,,Europa,Grécia,39.0742,21.8243,,,,,,,42176.37
parceiro,EXP,2023,,,,Europa,Grécia,39.0742,21.8243,,,,,,,17089.036
parceiro,EXP,2022,,,,Europa,Grécia,39.0742,21.8243,,,,,,,3195.886
parceiro,EXP,2025,,,,Europa,Grécia,39.0742,21.8243,,,,,,,21043.024
parceiro,EXP,2025,,,,Europa,Portugal,39.3999,-8.2245,,,,,,,34911.199
parceiro,EXP,2024,,,,Europa,Portugal,39.3999,-8.2245,,,,,,,22530.483
parceiro,EXP,2023,,,,Europa,Portugal,39.3999,-8.2245,,,,,,,21403.453
parceiro,EXP,2022,,,,Europa,Portugal,39.3999,-8.2245,,,,,,,25632.939
parceiro,EXP,2024,,,,Ásia,Arménia,40.0691,45.0382,,,,,,,4101.54
parceiro,EXP,2025,,,,Ásia,Azerbaijão,40.1431,47.5769,,,,,,,38.023
parceiro,EXP,2024,,,,Ásia,Azerbaijão,40.1431,47.5769,,,,,,,4.046
parceiro,EXP,2024,,,,Ásia,Coreia do Norte,40.3399,127.5101,,,,,,,5.448
parceiro,EXP,2022,,,,Ásia,Coreia do Norte,40.3399,127.5101,,,,,,,50.478
parceiro,EXP,2025,,,,Europa,Espanha,40.4637,-3.7492,,,,,,,100226.378
parceiro,EXP,2024,,,,Europa,Espanha,40.4637,-3.7492,,,,,,,71486.933
parceiro,EXP,2023,,,,Europa,Espanha,40.4637,-3.7492,,,,,,,85555.997
parceiro,EXP,2022,,,,Europa,Espanha,40.4637,-3.7492,,,,,,,185286.02
parceiro,EXP,2024,,,,Europa,Albânia,41.1533,20.1683,,,,,,,4.798
parceiro,EXP,2023,,,,Ásia,Quirguistão,41.2044,74.7661,,,,,,,23.405
parceiro,EXP,2024,,,,Ásia,Uzbequistão,41.3775,64.5853,,,,,,,699.425
parceiro,EXP,2023,,,,Ásia,Uzbequistão,41.3775,64.5853,,,,,,,541.396
parceiro,EXP,2022,,,,Ásia,Uzbequistão,41.3775,64.5853,,,,,,,216.333
parceiro,EXP,2025,,,,Ásia,Uzbequistão,41.3775,64.5853,,,,,,,235.244
parceiro,EXP,2024,,,,Europa,Macedónia do Norte,41.6086,21.7453,,,,,,,365.265
parceiro,EXP,2022,,,,Europa,Macedónia do Norte,41.6086,21.7453,,,,,,,138.546
parceiro,EXP,2025,,,,Europa,Itália,41.8719,12.5674,,,,,,,93585.264
parceiro,EXP,2024,,,,Europa,Itália,41.8719,12.5674,,,,,,,83063.634
parceiro,EXP,2023,,,,Europa,Itália,41.8719,12.5674,,,,,,,238186.381
parceiro,EXP,2022,,,,Europa,Itália,41.8719,12.5674,,,,,,,203847.064
parceiro,EXP,2024,,,,Europa,Georgia,42.3154,43.3569,,,,,,,8.259
parceiro,EXP,2023,,,,Europa,Georgia,42.3154,43.3569,,,,,,,3.274
parceiro,EXP,2025,,,,Europa,Bulgária,42.7339,25.4858,,,,,,,460.19
parceiro,EXP,2024,,,,Europa,Bulgária,42.7339,25.4858,,,,,,,16722.606
parceiro,EXP,2023,,,,Europa,Bulgária,42.7339,25.4858,,,,,,,10331.014
parceiro,EXP,2022,,,,Europa,Bulgária,42.7339,25.4858,,,,,,,275.033
parceiro,EXP,2024,,,,Europa,Mónaco,43.7333,7.4167,,,,,,,60.402
parceiro,EXP,2023,,,,Europa,Mónaco,43.7333,7.4167,,,,,,,48.175
parceiro,EXP,2025,,,,Europa,Sérvia,44.0165,21.0059,,,,,,,387.001
parceiro,EXP,2024,,,,Europa,Sérvia,44.0165,21.0059,,,,,,,398.61
parceiro,EXP,2023,,,,Europa,Sérvia,44.0165,21.0059,,,,,,,212.025
parceiro,EXP,2022,,,,Europa,Sérvia,44.0165,21.0059,,,,,,,283.8
parceiro,EXP,2025,,,,Europa,Croacia,45.1,15.2,,,,,,,259.007
parceiro,EXP,2024,,,,Europa,Croácia,45.1,15.2,,,,,,,2348.733
parceiro,EXP,2023,,,,Europa,Croácia,45.1,15.2,,,,,,,118116.785
parceiro,EXP,2022,,,,Europa,Croácia,45.1,15.2,,,,,,,50421.386
parceiro,EXP,2025,,,,Europa,Croácia,45.1,15.2,,,,,,,22.33
parceiro,EXP,2025,,,,Europa,Roménia,45.9432,24.9668,,,,,,,1568.693
parceiro,EXP,2024,,,,Europa,Roménia,45.9432,24.9668,,,,,,,2656.054
parceiro,EXP,2023,,,,Europa,Roménia,45.9432,24.9668,,,,,,,1112.027
parceiro,EXP,2022,,,,Europa,Roménia,45.9432,24.9668,,,,,,,2792.666
parceiro,EXP,2025,,,,Europa,Eslovénia,46.1512,14.9955,,,,,,,13809.495
parceiro,EXP,2024,,,,Europa,Eslovénia,46.1512,14.9955,,,,,,,17227.198
parceiro,EXP,2023,,,,Europa,Eslovénia,46.1512,14.9955,,,,,,,19433.329
parceiro,EXP,2022,,,,Europa,Eslovénia,46.1512,14.9955,,,,,,,49567.76
parceiro,EXP,2025,,,,Europa,França,46.6034,1.8883,,,,,,,3482.833
parceiro,EXP,2024,,,,Europa,França,46.6034,1.8883,,,,,,,15441.18
parceiro,EXP,2023,,,,Europa,França,46.6034,1.8883,,,,,,,7064.42
parceiro,EXP,2022,,,,Europa,França,46.6034,1.8883,,,,,,,27682.001
parceiro,EXP,2025,,,,Europa,Suíça,46.8182,8.2275,,,,,,,38406.147
parceiro,EXP,2024,,,,Europa,Suíça,46.8182,8.2275,,,,,,,113117.018
parceiro,EXP,2023,,,,Europa,Suíça,46.8182,8.2275,,,,,,,96211.482
parceiro,EXP,2022,,,,Europa,Suíça,46.8182,8.2275,,,,,,,142784.406
parceiro,EXP,2025,,,,Europa,HUNGRIA,47.1625,19.5033,,,,,,,1.241
parceiro,EXP,2024,,,,Europa,Hungria,47.1625,19.5033,,,,,,,482.16
parceiro,EXP,2023,,,,Europa,Hungria,47.1625,19.5033,,,,,,,333.678
parceiro,EXP,2022,,,,Europa,Hungria,47.1625,19.5033,,,,,,,55.499
parceiro,EXP,2023,,,,Europa,Moldávia,47.4116,28.3699,,,,,,,1.211
parceiro,EXP,2025,,,,Europa,Áustria,47.5162,14.5501,,,,,,,51.643
parceiro,EXP,2023,,,,Europa,Áustria,47.5162,14.5501,,,,,,,16.155
parceiro,EXP,2022,,,,Europa,Áustria,47.5162,14.5501,,,,,,,7663.341
parceiro,EXP,2023,,,,Ásia,Cazaquistão,48.0196,66.9237,,,,,,,10.094
parceiro,EXP,2025,,,,Ásia,Cazaquistão,48.0196,66.9237,,,,,,,0.02
parceiro,EXP,2025,,,,Europa,Ucrânia,48.3794,31.1656,,,,,,,940.927
parceiro,EXP,2024,,,,Europa,Ucrânia,48.3794,31.1656,,,,,,,244.274
parceiro,EXP,2022,,,,Europa,Ucrânia,48.3794,31.1656,,,,,,,437.026
parceiro,EXP,2025,,,,Europa,Slovak Republic,48.669,19.699,,,,,,,0.385
parceiro,EXP,2023,,,,Europa,Jersey,49.2144,-2.1313,,,,,,,9.085
parceiro,EXP,2022,,,,Europa,Jersey,49.2144,-2.1313,,,,,,,20.488
parceiro,EXP,2025,,,,Europa,Luxemburgo,49.8153,6.1296,,,,,,,5940.059
parceiro,EXP,2024,,,,Europa,Luxemburgo,49.8153,6.1296,,,,,,,5559.656
parceiro,EXP,2023,,,,Europa,Luxemburgo,49.8153,6.1296,,,,,,,22102.889
parceiro,EXP,2022,,,,Europa,Luxemburgo,49.8153,6.1296,,,,,,,32427.285
parceiro,EXP,2024,,,,Europa,República Checa,49.8175,15.473,,,,,,,223.808
parceiro,EXP,2023,,,,Europa,República Checa,49.8175,15.473,,,,,,,64.55
parceiro,EXP,2022,,,,Europa,República Checa,49.8175,15.473,,,,,,,77.378
parceiro,EXP,2025,,,,Europa,República Checa,49.8175,15.473,,,,,,,18.555
parceiro,EXP,2025,,,,Europa,Bélgica,50.8503,4.3517,,,,,,,163559.329
parceiro,EXP,2024,,,,Europa,Bélgica,50.8503,4.3517,,,,,,,123167.675
parceiro,EXP,2023,,,,Europa,Bélgica,50.8503,4.3517,,,,,,,105526.529
parceiro,EXP,2023,,,,Europa,União Europeia,50.8503,4.3517,,,,,,,4.816
parceiro,EXP,2022,,,,Europa,Bélgica,50.8503,4.3517,,,,,,,110632.194
parceiro,EXP,2025,,,,Europa,Alemanha,51.1657,10.4515,,,,,,,10178.537
parceiro,EXP,2024,,,,Europa,Alemanha,51.1657,10.4515,,,,,,,12340.706
parceiro,EXP,2023,,,,Europa,Alemanha,51.1657,10.4515,,,,,,,20312.891
parceiro,EXP,2022,,,,Europa,Alemanha,51.1657,10.4515,,,,,,,16397.662
parceiro,EXP,2025,,,,Europa,Polónia,51.9194,19.1451,,,,,,,26469.623
parceiro,EXP,2024,,,,Europa,Polónia,51.9194,19.1451,,,,,,,102341.591
parceiro,EXP,2023,,,,Europa,Polónia,51.9194,19.1451,,,,,,,48376.909
parceiro,EXP,2022,,,,Europa,Polónia,51.9194,19.1451,,,,,,,134912.007
parceiro,EXP,2025,,,,Europa,Países Baixos,52.1326,5.2913,,,,,,,143406.679
parceiro,EXP,2024,,,,Europa,Países Baixos,52.1326,5.2913,,,,,,,172117.624
parceiro,EXP,2023,,,,Europa,Países Baixos,52.1326,5.2913,,,,,,,302215.143
parceiro,EXP,2022,,,,Europa,Países Baixos,52.1326,5.2913,,,,,,,314052.898
parceiro,EXP,2025,,,,Europa,Irlanda,53.1424,-7.6921,,,,,,,11350.904
parceiro,EXP,2024,,,,Europa,Irlanda,53.1424,-7.6921,,,,,,,9.405
parceiro,EXP,2023,,,,Europa,Irlanda,53.1424,-7.6921,,,,,,,16.363
parceiro,EXP,2022,,,,Europa,Irlanda,53.1424,-7.6921,,,,,,,15.348
parceiro,EXP,2024,,,,Europa,Ilha do Homen,54.2361,-4.5481,,,,,,,0.095
parceiro,EXP,2022,,,,Europa,Ilha do Homen,54.2361,-4.5481,,,,,,,128.161
parceiro,EXP,2023,,,,Europa,Lituânia,55.1694,23.8813,,,,,,,0.426
parceiro,EXP,2025,,,,Europa,Reino Unido,55.3781,-3.436,,,,,,,538123.772
parceiro,EXP,2024,,,,Europa,Reino Unido,55.3781,-3.436,,,,,,,329974.913
parceiro,EXP,2023,,,,Europa,Reino Unido,55.3781,-3.436,,,,,,,394941.944
parceiro,EXP,2022,,,,Europa,Reino Unido,55.3781,-3.436,,,,,,,985390.965
parceiro,EXP,2025,,,,América do Norte,Canadá,56.1304,-106.3468,,,,,,,10966.692
parceiro,EXP,2024,,,,América do Norte,Canadá,56.1304,-106.3468,,,,,,,21987.27
parceiro,EXP,2023,,,,América do Norte,Canadá,56.1304,-106.3468,,,,,,,7960.39
parceiro,EXP,2022,,,,América do Norte,Canadá,56.1304,-106.3468,,,,,,,20325.048
parceiro,EXP,2025,,,,América,Canadá,56.1304,-106.3468,,,,,,,739.761
parceiro,EXP,2025,,,,Europa,Dinamarca,56.2639,9.5018,,,,,,,621.373
parceiro,EXP,2024,,,,Europa,Dinamarca,56.2639,9.5018,,,,,,,1283.579
parceiro,EXP,2023,,,,Europa,Dinamarca,56.2639,9.5018,,,,,,,130.812
parceiro,EXP,2022,,,,Europa,Dinamarca,56.2639,9.5018,,,,,,,621.738
parceiro,EXP,2024,,,,Europa,Letónia,56.8796,24.6032,,,,,,,17.328
parceiro,EXP,2023,,,,Europa,Letónia,56.8796,24.6032,,,,,,,133.968
parceiro,EXP,2025,,,,Europa,Suécia,60.1282,18.6435,,,,,,,2980.915
parceiro,EXP,2024,,,,Europa,Suécia,60.1282,18.6435,,,,,,,2896.242
parceiro,EXP,2023,,,,Europa,Suécia,60.1282,18.6435,,,,,,,1253.151
parceiro,EXP,2022,,,,Europa,Suécia,60.1282,18.6435,,,,,,,1862.265
parceiro,EXP,2025,,,,Europa,Noruega,60.472,8.4689,,,,,,,247.195
parceiro,EXP,2024,,,,Europa,Noruega,60.472,8.4689,,,,,,,11.758
parceiro,EXP,2023,,,,Europa,Noruega,60.472,8.4689,,,,,,,270.378
parceiro,EXP,2022,,,,Europa,Noruega,60.472,8.4689,,,,,,,69.319
parceiro,EXP,2025,,,,Ásia,Rússia,61.524,105.3188,,,,,,,0.04
parceiro,EXP,2024,,,,Ásia,Rússia,61.524,105.3188,,,,,,,268.706
parceiro,EXP,2023,,,,Ásia,Rússia,61.524,105.3188,,,,,,,272.22
parceiro,EXP,2022,,,,Ásia,Rússia,61.524,105.3188,,,,,,,1601.765
parceiro,EXP,2025,,,,Europa,Rússia,61.524,105.3188,,,,,,,97.701
parceiro,EXP,2024,,,,Europa,Ilhas Faroé,61.8926,-6.9118,,,,,,,1.304
parceiro,EXP,2025,,,,Europa,Finlândia,61.9241,25.7482,,,,,,,16.807
parceiro,EXP,2025,,,,Europa,Alanda,61.9241,25.7482,,,,,,,5.469
parceiro,EXP,2024,,,,Europa,Alanda,61.9241,25.7482,,,,,,,54.111
parceiro,EXP,2024,,,,Europa,Finlândia,61.9241,25.7482,,,,,,,19.832
parceiro,EXP,2023,,,,Europa,Finlândia,61.9241,25.7482,,,,,,,116.398
parceiro,EXP,2023,,,,Europa,Alanda,61.9241,25.7482,,,,,,,65.138
parceiro,EXP,2022,,,,Europa,Alanda,61.9241,25.7482,,,,,,,8.841
parceiro,EXP,2022,,,,Europa,Finlândia,61.9241,25.7482,,,,,,,14.114
parceiro,EXP,2025,,,,Europa,Iceland,64.9631,-19.0208,,,,,,,14.938
parceiro,EXP,2024,,,,Europa,Islândia,64.9631,-19.0208,,,,,,,10.608
parceiro,EXP,2023,,,,Europa,Islândia,64.9631,-19.0208,,,,,,,27.185
parceiro,EXP,2022,,,,Europa,Islândia,64.9631,-19.0208,,,,,,,7.609
parceiro,EXP,2025,,,,Europa,Islândia,64.9631,-19.0208,,,,,,,1.651
parceiro,EXP,2025,,,,Não classificado,Ascension Islands,0,0,,,,,,,3.708
parceiro,EXP,2025,,,,0,ZEE; ZFI MOCAMBIQUE,0,0,,,,,,,10575.752
parceiro,EXP,2025,,,,Ásia,TIMOR LESTE,-8.8742,125.7275,,,,,,,1.95
parceiro,EXP,2025,,,,#N/A,European Union,0,0,,,,,,,0.02
parceiro,EXP,2025,,,,Europa,Macedónia,0,0,,,,,,,844.103
parceiro,EXP,2024,,,,África,África  do Sul,-30.5595,22.9375,,,,,,,1118371.616
parceiro,EXP,2024,,,,0,Moçambique,0,0,,,,,,,869.265
parceiro,EXP,2023,,,,África,África  do Sul,-30.5595,22.9375,,,,,,,1017259.882
parceiro,EXP,2023,,,,#N/A,Ilhas Svalbard  e Mayen,0,0,,,,,,,3.847
parceiro,IMP,2022,,,,África,África do Sul,-30.5595,22.9375,,,,,,,2289934.81
parceiro,IMP,2022,,,,Ásia,Japão,36.2048,138.2529,,,,,,,219042.435
parceiro,IMP,2022,,,,América do Norte,Estados Unidos,37.0902,-95.7129,,,,,,,218886.057
parceiro,IMP,2022,,,,Ásia,Tailândia,15.87,100.9925,,,,,,,104077.697
parceiro,IMP,2022,,,,Oceania,Austrália,-25.2744,133.7751,,,,,,,231305.655
parceiro,IMP,2022,,,,Ásia,Emirados Árabes Unidos,23.4241,53.8478,,,,,,,1465904.006
parceiro,IMP,2022,,,,Ásia,China,35.8617,104.1954,,,,,,,1060884.512
parceiro,IMP,2022,,,,Europa,Alemanha,51.1657,10.4515,,,,,,,89142.31
parceiro,IMP,2022,,,,Ásia,Índia,20.5937,78.9629,,,,,,,842241.315
parceiro,IMP,2022,,,,América do Sul,Brasil,-14.235,-51.9253,,,,,,,59247.655
parceiro,IMP,2022,,,,Ásia,Turquia,38.9637,35.2433,,,,,,,58388.903
parceiro,IMP,2022,,,,Ásia,Hong Kong,22.3964,114.1095,,,,,,,89148.031
parceiro,IMP,2022,,,,África,Malaui,-13.2543,34.3015,,,,,,,12746.825
parceiro,IMP,2022,,,,Ásia,Rússia,61.524,105.3188,,,,,,,70087.131
parceiro,IMP,2022,,,,África,Etiópia,9.145,40.4897,,,,,,,357.73
parceiro,IMP,2022,,,,Ásia,Singapura,1.3521,103.8198,,,,,,,679308.228
parceiro,IMP,2022,,,,Europa,Suécia,60.1282,18.6435,,,,,,,6757.439
parceiro,IMP,2022,,,,Europa,Bélgica,50.8503,4.3517,,,,,,,55938.115
parceiro,IMP,2022,,,,Europa,Portugal,39.3999,-8.2245,,,,,,,277261.895
parceiro,IMP,2022,,,,África,Essuatíni,-26.5225,31.4659,,,,,,,61959.912
parceiro,IMP,2022,,,,Ásia,Coreia do Sul,35.9078,127.7669,,,,,,,4695326.843
parceiro,IMP,2022,,,,Europa,Reino Unido,55.3781,-3.436,,,,,,,52216.771
parceiro,IMP,2022,,,,Ásia,Afeganistão,33.9391,67.71,,,,,,,637.18
parceiro,IMP,2022,,,,Ásia,Qatar,25.3548,51.1839,,,,,,,5155.068
parceiro,IMP,2022,,,,Ásia,Arábia Saudita,23.8859,45.0792,,,,,,,262452.326
parceiro,IMP,2022,,,,África,Egipto,26.8206,30.8025,,,,,,,7197.419
parceiro,IMP,2022,,,,África,Congo,-0.228,15.8277,,,,,,,362.86
parceiro,IMP,2022,,,,Ásia,Paquistão,30.3753,69.3451,,,,,,,83093.653
parceiro,IMP,2022,,,,África,Angola,-11.2027,17.8739,,,,,,,1044.919
parceiro,IMP,2022,,,,América do Norte,República Dominicana,18.7357,-70.1627,,,,,,,217.855
parceiro,IMP,2022,,,,Europa,França,46.6034,1.8883,,,,,,,86243.553
parceiro,IMP,2022,,,,África,Botsuana,-22.3285,24.6849,,,,,,,4704.361
parceiro,IMP,2022,,,,Ásia,Vietname,14.0583,108.2772,,,,,,,62926.399
parceiro,IMP,2022,,,,América do Norte,Jamaica,18.1096,-77.2975,,,,,,,64.48
parceiro,IMP,2022,,,,África,Zimbabué,-19.0154,29.1549,,,,,,,32256.36
parceiro,IMP,2022,,,,América do Norte,Canadá,56.1304,-106.3468,,,,,,,17307.188
parceiro,IMP,2022,,,,Europa,Países Baixos,52.1326,5.2913,,,,,,,66862.922
parceiro,IMP,2022,,,,África,Marrocos,31.7917,-7.0926,,,,,,,1526.975
parceiro,IMP,2022,,,,África,Maurícias,-20.3484,57.5522,,,,,,,135713.346
parceiro,IMP,2022,,,,Ásia,Malásia,4.2105,101.9758,,,,,,,157643.014
parceiro,IMP,2022,,,,Europa,Jersey,49.2144,-2.1313,,,,,,,42.759
parceiro,IMP,2022,,,,Europa,Irlanda,53.1424,-7.6921,,,,,,,9406.627
parceiro,IMP,2022,,,,Europa,Ilha do Homen,54.2361,-4.5481,,,,,,,113.457
parceiro,IMP,2022,,,,Europa,Bósnia e Herzegovina,43.9159,17.6791,,,,,,,1.967
parceiro,IMP,2022,,,,Europa,Itália,41.8719,12.5674,,,,,,,52304.472
parceiro,IMP,2022,,,,África,Seicheles,-4.6796,55.492,,,,,,,472.848
parceiro,IMP,2022,,,,Ásia,Taiwan,23.6978,120.9605,,,,,,,47430.928
parceiro,IMP,2022,,,,América do Norte,Antilhas Holandesas,12.2261,-69.0601,,,,,,,2129.192
parceiro,IMP,2022,,,,Ásia,Indonésia,-0.7893,113.9213,,,,,,,61071.735
parceiro,IMP,2022,,,,Oceania,Papua Nova Guiné,-6.3149,143.9555,,,,,,,0.975
parceiro,IMP,2022,,,,Europa,Ucrânia,48.3794,31.1656,,,,,,,1415.472
parceiro,IMP,2022,,,,Ásia,Filipinas,12.8797,121.774,,,,,,,154.177
parceiro,IMP,2022,,,,África,Quénia,-1.2864,36.8172,,,,,,,12892.875
parceiro,IMP,2022,,,,Ásia,Barém,26.0667,50.5577,,,,,,,74523.706
parceiro,IMP,2022,,,,Europa,Espanha,40.4637,-3.7492,,,,,,,69729.385
parceiro,IMP,2022,,,,Ásia,Coreia do Norte,40.3399,127.5101,,,,,,,5864.396
parceiro,IMP,2022,,,,Europa,República Checa,49.8175,15.473,,,,,,,4027.378
parceiro,IMP,2022,,,,Europa,Noruega,60.472,8.4689,,,,,,,9116.347
parceiro,IMP,2022,,,,América do Sul,Panamá,8.538,-80.7821,,,,,,,593.937
parceiro,IMP,2022,,,,Europa,Roménia,45.9432,24.9668,,,,,,,1350.793
parceiro,IMP,2022,,,,África,Costa do Marfim,7.54,-5.5471,,,,,,,2401.094
parceiro,IMP,2022,,,,África,Gana,7.9465,-1.0232,,,,,,,289.965
parceiro,IMP,2022,,,,Ásia,Omã,21.4735,55.9754,,,,,,,71403.286
parceiro,IMP,2022,,,,Europa,Finlândia,61.9241,25.7482,,,,,,,6612.092
parceiro,IMP,2022,,,,América do Norte,México,23.6345,-102.5528,,,,,,,13374.827
parceiro,IMP,2022,,,,África,Nigéria,9.082,8.6753,,,,,,,132.722
parceiro,IMP,2022,,,,Europa,Polónia,51.9194,19.1451,,,,,,,15376.996
parceiro,IMP,2022,,,,África,Tanzânia,-6.369,34.8888,,,,,,,59572.234
parceiro,IMP,2022,,,,Europa,Suíça,46.8182,8.2275,,,,,,,185339.214
parceiro,IMP,2022,,,,Ásia,Chipre,35.1264,33.4299,,,,,,,3629.733
parceiro,IMP,2022,,,,Europa,Eslovénia,46.1512,14.9955,,,,,,,976.611
parceiro,IMP,2022,,,,América do Sul,Argentina,-38.4161,-63.6167,,,,,,,114250.146
parceiro,IMP,2022,,,,Europa,Lituânia,55.1694,23.8813,,,,,,,32635.751
parceiro,IMP,2022,,,,Europa,Alanda,61.9241,25.7482,,,,,,,1143.091
parceiro,IMP,2022,,,,Europa,República Eslovaca,48.669,19.699,,,,,,,975.211
parceiro,IMP,2022,,,,Europa,Dinamarca,56.2639,9.5018,,,,,,,33098.997
parceiro,IMP,2022,,,,América do Norte,Dominica,15.415,-61.371,,,,,,,14.418
parceiro,IMP,2022,,,,África,Gabão,-0.8037,11.6094,,,,,,,19.107
parceiro,IMP,2022,,,,América do Norte,Grenada,12.1165,-61.679,,,,,,,19.453
parceiro,IMP,2022,,,,Europa,Gibraltar,36.1408,-5.3536,,,,,,,1018.837
parceiro,IMP,2022,,,,América do Sul,Trindade e Tobago,10.6918,-61.2225,,,,,,,94.843
parceiro,IMP,2022,,,,África,Uganda,1.3733,32.2903,,,,,,,1510.877
parceiro,IMP,2022,,,,Ásia,Uzbequistão,41.3775,64.5853,,,,,,,1.667
parceiro,IMP,2022,,,,África,Zâmbia,-13.1339,27.8493,,,,,,,28413.231
parceiro,IMP,2022,,,,Ásia,Sri Lanka,7.8731,80.7718,,,,,,,1550.185
parceiro,IMP,2022,,,,América do Norte,São Martinho,18.0708,-63.0501,,,,,,,1.275
parceiro,IMP,2022,,,,África,Reunião,-21.1151,55.5364,,,,,,,679.147
parceiro,IMP,2022,,,,Ásia,Bangladesh,23.685,90.3563,,,,,,,1502.343
parceiro,IMP,2022,,,,Ásia,Arménia,40.0691,45.0382,,,,,,,2052.674
parceiro,IMP,2022,,,,Europa,Liechtenstein,47.166,9.5554,,,,,,,35.721
parceiro,IMP,2022,,,,África,Lesoto,-29.6099,28.2336,,,,,,,266.02
parceiro,IMP,2022,,,,África,Namíbia,-22.9576,18.4904,,,,,,,47818.588
parceiro,IMP,2022,,,,Ásia,Butão,27.5142,90.4336,,,,,,,35.194
parceiro,IMP,2022,,,,América do Sul,Paraguai,-23.4425,-58.4438,,,,,,,1185.661
parceiro,IMP,2022,,,,Europa,Áustria,47.5162,14.5501,,,,,,,10869.177
parceiro,IMP,2022,,,,Ásia,Israel,31.0461,34.8516,,,,,,,1305.864
parceiro,IMP,2022,,,,América do Sul,Chile,-35.6751,-71.543,,,,,,,4559.049
parceiro,IMP,2022,,,,Europa,Islândia,64.9631,-19.0208,,,,,,,13.512
parceiro,IMP,2022,,,,África,Tunísia,33.8869,9.5375,,,,,,,4890.658
parceiro,IMP,2022,,,,África,Libéria,6.4281,-9.4295,,,,,,,1562.918
parceiro,IMP,2022,,,,Europa,Letónia,56.8796,24.6032,,,,,,,14711.846
parceiro,IMP,2022,,,,África,Madagáscar,-18.7669,46.8691,,,,,,,602.805
parceiro,IMP,2022,,,,Europa,Bulgária,42.7339,25.4858,,,,,,,7087.504
parceiro,IMP,2022,,,,América do Sul,Equador,-1.8312,-78.1834,,,,,,,0.203
parceiro,IMP,2022,,,,América do Norte,Santa Lúcia,13.9094,-60.9789,,,,,,,5.232
parceiro,IMP,2022,,,,América do Norte,Porto Rico,18.2208,-66.5901,,,,,,,26.487
parceiro,IMP,2022,,,,África,Senegal,14.4974,-14.4524,,,,,,,152.289
parceiro,IMP,2022,,,,Ásia,Quirguistão,41.2044,74.7661,,,,,,,143.352
parceiro,IMP,2022,,,,Ásia,Iémen,15.5527,48.5164,,,,,,,554.231
parceiro,IMP,2022,,,,Ásia,Líbano,33.8547,35.8623,,,,,,,1163.714
parceiro,IMP,2022,,,,América do Sul,Colômbia,4.5709,-74.2973,,,,,,,928.905
parceiro,IMP,2022,,,,Europa,Malta,35.9375,14.3754,,,,,,,102.05
parceiro,IMP,2022,,,,Europa,Hungria,47.1625,19.5033,,,,,,,2916.984
parceiro,IMP,2022,,,,Europa,Sérvia,44.0165,21.0059,,,,,,,151.988
parceiro,IMP,2022,,,,Ásia,Síria,34.8021,38.9968,,,,,,,33.984
parceiro,IMP,2022,,,,Europa,San Marino,43.9424,12.4578,,,,,,,1.891
parceiro,IMP,2022,,,,África,Camarões,7.3697,12.3547,,,,,,,397.873
parceiro,IMP,2022,,,,Ásia,Myanmar,21.9162,95.956,,,,,,,4.837
parceiro,IMP,2022,,,,Ásia,Camboja,12.5657,104.991,,,,,,,37.864
parceiro,IMP,2022,,,,África,Chade,15.4542,18.7322,,,,,,,16.06
parceiro,IMP,2022,,,,América do Sul,Venezuela,6.4238,-66.5897,,,,,,,17.52
parceiro,IMP,2022,,,,Europa,Georgia,42.3154,43.3569,,,,,,,118.812
parceiro,IMP,2022,,,,Ásia,Cazaquistão,48.0196,66.9237,,,,,,,9.43
parceiro,IMP,2022,,,,América do Sul,Uruguai,-32.5228,-55.7658,,,,,,,993.57
parceiro,IMP,2022,,,,América do Norte,Nicarágua,12.8654,-85.2072,,,,,,,25.664
parceiro,IMP,2022,,,,Europa,Bielorrússia,53.7098,27.9534,,,,,,,13.184
parceiro,IMP,2022,,,,Europa,Estónia,58.5953,25.0136,,,,,,,277.388
parceiro,IMP,2022,,,,África,Jiboti,11.8251,42.5903,,,,,,,51.974
parceiro,IMP,2022,,,,América do Norte,EUA Territórios Insulares,13.4443,144.7937,,,,,,,9.918
parceiro,IMP,2022,,,,Oceania,Ilha Norfolk,-29.0408,167.9547,,,,,,,0.259
parceiro,IMP,2022,,,,Ásia,Jordânia,30.5852,36.2384,,,,,,,22371.17
parceiro,IMP,2022,,,,Antártica,Ilha Bouvet,-54.4208,3.3464,,,,,,,2.734
parceiro,IMP,2022,,,,Ásia,Brunei,4.5353,114.7277,,,,,,,6.838
parceiro,IMP,2022,,,,Ásia,Koweit,29.3117,47.4818,,,,,,,30107.393
parceiro,IMP,2022,,,,África,Sudão do Sul,6.877,31.307,,,,,,,40.169
parceiro,IMP,2022,,,,Europa,Grécia,39.0742,21.8243,,,,,,,589.026
parceiro,IMP,2022,,,,Europa,Andorra,42.5063,1.5218,,,,,,,17.589
parceiro,IMP,2022,,,,América do Norte,Antigua e Barbuda,17.0608,-61.7964,,,,,,,16.604
parceiro,IMP,2022,,,,Ásia,Macau,22.1987,113.5439,,,,,,,115.776
parceiro,IMP,2022,,,,Oceania,Ilhas Marshall,7.1315,171.1845,,,,,,,4.175
parceiro,IMP,2022,,,,América do Norte,Barbados,13.1939,-59.5432,,,,,,,9.025
parceiro,IMP,2022,,,,África,Benin,9.3077,2.3158,,,,,,,39.655
parceiro,IMP,2022,,,,Oceania,Fiji,-16.5782,179.4144,,,,,,,43.076
parceiro,IMP,2022,,,,América do Sul,Ilhas Falkland,-51.7963,-59.5236,,,,,,,1.881
parceiro,IMP,2022,,,,Ásia,Iraque,33.2232,43.6793,,,,,,,34.158
parceiro,IMP,2022,,,,Oceania,Quiribati,1.4518,173.0373,,,,,,,13.476
parceiro,IMP,2022,,,,Oceania,Nova Zelândia,-40.9006,174.886,,,,,,,3620.68
parceiro,IMP,2022,,,,Europa,Albânia,41.1533,20.1683,,,,,,,132.399
parceiro,IMP,2022,,,,América do Sul,Peru,-9.1899,-75.0152,,,,,,,21.991
parceiro,IMP,2022,,,,África,Togo,8.6195,0.8248,,,,,,,11.571
parceiro,IMP,2022,,,,América do Norte,São Bartolomeu,17.896,-62.8508,,,,,,,0.101
parceiro,IMP,2022,,,,América do Sul,Bolívia,-16.2902,-63.5887,,,,,,,0.143
parceiro,IMP,2022,,,,América do Norte,Ilhas Turks e Caicos,21.694,-71.7979,,,,,,,31.503
parceiro,IMP,2022,,,,Europa,Luxemburgo,49.8153,6.1296,,,,,,,264.316
parceiro,IMP,2022,,,,África,Guiné Equatorial,1.6508,10.2679,,,,,,,4631.895
parceiro,IMP,2022,,,,América do Norte,Bonaire,12.1784,-68.2385,,,,,,,0.282
parceiro,IMP,2022,,,,Oceania,Samoa Americana,-14.271,-170.1322,,,,,,,25.781
parceiro,IMP,2022,,,,América do Norte,Honduras,15.2,-86.2419,,,,,,,32.254
parceiro,IMP,2022,,,,América do Norte,Ilhas Virgens Britânicas,18.4207,-64.6399,,,,,,,11.854
parceiro,IMP,2022,,,,África,Sudão,12.8628,30.2176,,,,,,,78.926
parceiro,IMP,2022,,,,África,Argélia,28.0339,1.6596,,,,,,,18.578
parceiro,IMP,2022,,,,América do Norte,Belize,17.1899,-88.4976,,,,,,,1.934
parceiro,IMP,2022,,,,América do Norte,Bahamas,25.0343,-77.3963,,,,,,,5518.78
parceiro,IMP,2022,,,,Ásia,Azerbaijão,40.1431,47.5769,,,,,,,5.601
parceiro,IMP,2022,,,,África,Saara Ocidental,24.2155,-12.8858,,,,,,,0.3
parceiro,IMP,2022,,,,Ásia,Nepal,28.3949,84.124,,,,,,,7.406
parceiro,IMP,2022,,,,Europa,Croácia,45.1,15.2,,,,,,,167.936
parceiro,IMP,2022,,,,América do Norte,Guadalupe,16.265,-61.551,,,,,,,95.601
parceiro,IMP,2022,,,,Europa,Mónaco,43.7333,7.4167,,,,,,,0.053
parceiro,IMP,2022,,,,América do Norte,Guatemala,15.7835,-90.2308,,,,,,,0.221
parceiro,IMP,2022,,,,Oceania,Toquelau,-9.2,-171.8484,,,,,,,67.872
parceiro,IMP,2022,,,,América do Norte,Aruba,12.5211,-69.9683,,,,,,,17.841
parceiro,IMP,2022,,,,Oceania,Samoa,-13.759,-172.1046,,,,,,,8.766
parceiro,IMP,2022,,,,Oceania,Polinésia Francesa,-17.6797,-149.4068,,,,,,,2.621
parceiro,IMP,2022,,,,Zona Neutra,Zona Neutra,29.9792,31.1342,,,,,,,485.123
parceiro,IMP,2022,,,,América do Norte,Ilhas Virgens Americanas,18.3358,-64.8963,,,,,,,50.923
parceiro,IMP,2022,,,,África,Mali,17.5707,-3.9962,,,,,,,1.512
parceiro,IMP,2022,,,,Europa,Macedónia do Norte,41.6086,21.7453,,,,,,,20.693
parceiro,IMP,2022,,,,América do Norte,Martinica,14.6415,-61.0242,,,,,,,0.005
parceiro,IMP,2022,,,,Oceania,Tonga,-21.1789,-175.1982,,,,,,,0.097
parceiro,IMP,2022,,,,África,Somália,5.1521,46.1996,,,,,,,11.723
parceiro,IMP,2022,,,,América do Norte,Gronelândia,71.7069,-42.6043,,,,,,,65.222
parceiro,IMP,2022,,,,Oceania,Palau,7.515,134.5825,,,,,,,27.436
parceiro,IMP,2022,,,,Oceania,Terras Austrais Francesas,-49.2804,69.3486,,,,,,,2.025
parceiro,IMP,2022,,,,Oceania,Niue,-19.0544,-169.8672,,,,,,,2.244
parceiro,IMP,2022,,,,África,Serra Leoa,8.4606,-11.7799,,,,,,,1858.707
parceiro,IMP,2022,,,,África,Ruanda,-1.9403,29.8739,,,,,,,16.765
parceiro,IMP,2022,,,,África,Burquina Fasso,12.2383,-1.5616,,,,,,,685.016
parceiro,IMP,2022,,,,África,Burundi,-3.3731,29.9189,,,,,,,0.535
parceiro,IMP,2022,,,,África,Guiné,9.9456,-9.6966,,,,,,,13.753
parceiro,IMP,2022,,,,Europa,Ilhas Faroé,61.8926,-6.9118,,,,,,,0.366
parceiro,IMP,2022,,,,Oceania,Ilhas Heard,-53.0818,73.5042,,,,,,,0.453
parceiro,IMP,2022,,,,Oceania,Vanuatu,-15.3767,166.9592,,,,,,,0.264
parceiro,IMP,2022,,,,África,Maiote,-12.8275,45.1662,,,,,,,7.105
parceiro,IMP,2022,,,,África,RD Congo,-4.0383,21.7587,,,,,,,17.754
parceiro,IMP,2022,,,,América do Norte,Cuba,21.5218,-77.7812,,,,,,,5.368
parceiro,IMP,2022,,,,África,República Centro-Africana,6.6111,20.9394,,,,,,,0.038
parceiro,IMP,2022,,,,América do Norte,Costa Rica,9.7489,-83.7534,,,,,,,5.716
parceiro,IMP,2022,,,,África,Gâmbia,13.4432,-15.3101,,,,,,,0.075
parceiro,IMP,2022,,,,Ásia,Território Britânico no Oceano,-6.3432,71.8765,,,,,,,0.721
parceiro,IMP,2022,,,,Ásia,Tajiquistão,38.861,71.2761,,,,,,,0.015
parceiro,IMP,2022,,,,Ásia,Timor-Leste,-8.8742,125.7275,,,,,,,1.154
parceiro,IMP,2022,,,,Europa,Estado de Vaticano,41.9029,12.4534,,,,,,,0.088
parceiro,IMP,2022,,,,Oceania,Pitcairn,-24.3768,-128.3242,,,,,,,0.304
parceiro,IMP,2022,,,,África,Níger,17.6078,8.0817,,,,,,,0.229
parceiro,IMP,2022,,,,África,São Tomé e Príncipe,0.1864,6.6131,,,,,,,2.745
parceiro,IMP,2022,,,,Europa,Moldávia,47.4116,28.3699,,,,,,,0.228
parceiro,IMP,2022,,,,América do Norte,El Salvador,13.7942,-88.8965,,,,,,,0.551
parceiro,IMP,2022,,,,África,Eritreia,15.1794,39.7823,,,,,,,22.883
parceiro,IMP,2022,,,,América do Sul,Suriname,3.9193,-56.0278,,,,,,,1.071
parceiro,IMP,2022,,,,Ásia,Laos,19.8563,102.4955,,,,,,,5.88
parceiro,IMP,2022,,,,Ásia,Maldivas,3.2028,73.2207,,,,,,,1.269
parceiro,IMP,2022,,,,Ásia,Turquemenistão,38.9697,59.5563,,,,,,,7.316
parceiro,IMP,2022,,,,Ásia,Irão,32.4279,53.688,,,,,,,48.965
parceiro,IMP,2023,,,,Ásia,Singapura,1.3521,103.8198,,,,,,,555906.419
parceiro,IMP,2023,,,,Ásia,China,35.8617,104.1954,,,,,,,1552698.565
parceiro,IMP,2023,,,,Ásia,Índia,20.5937,78.9629,,,,,,,804151.232
parceiro,IMP,2023,,,,Oceania,Austrália,-25.2744,133.7751,,,,,,,57451.748
parceiro,IMP,2023,,,,África,África do Sul,-30.5595,22.9375,,,,,,,2282639.445
parceiro,IMP,2023,,,,Europa,Espanha,40.4637,-3.7492,,,,,,,164133.845
parceiro,IMP,2023,,,,Ásia,Rússia,61.524,105.3188,,,,,,,144028.959
parceiro,IMP,2023,,,,Ásia,Hong Kong,22.3964,114.1095,,,,,,,147413.598
parceiro,IMP,2023,,,,Ásia,Emirados Árabes Unidos,23.4241,53.8478,,,,,,,1042739.691
parceiro,IMP,2023,,,,Ásia,Arábia Saudita,23.8859,45.0792,,,,,,,262829.449
parceiro,IMP,2023,,,,Europa,Alemanha,51.1657,10.4515,,,,,,,95459.479
parceiro,IMP,2023,,,,Ásia,Barém,26.0667,50.5577,,,,,,,344399.283
parceiro,IMP,2023,,,,Ásia,Malásia,4.2105,101.9758,,,,,,,209348.413
parceiro,IMP,2023,,,,Ásia,Bangladesh,23.685,90.3563,,,,,,,15675.354
parceiro,IMP,2023,,,,Europa,Bélgica,50.8503,4.3517,,,,,,,56090.402
parceiro,IMP,2023,,,,América do Norte,Estados Unidos,37.0902,-95.7129,,,,,,,179982.586
parceiro,IMP,2023,,,,Ásia,Tailândia,15.87,100.9925,,,,,,,135142.381
parceiro,IMP,2023,,,,Ásia,Indonésia,-0.7893,113.9213,,,,,,,56981.922
parceiro,IMP,2023,,,,América do Norte,Canadá,56.1304,-106.3468,,,,,,,75607.299
parceiro,IMP,2023,,,,Europa,Suíça,46.8182,8.2275,,,,,,,54629.347
parceiro,IMP,2023,,,,Ásia,Paquistão,30.3753,69.3451,,,,,,,47384.911
parceiro,IMP,2023,,,,Europa,Polónia,51.9194,19.1451,,,,,,,39499.778
parceiro,IMP,2023,,,,África,Essuatíni,-26.5225,31.4659,,,,,,,72935.686
parceiro,IMP,2023,,,,América do Sul,Brasil,-14.235,-51.9253,,,,,,,29896.034
parceiro,IMP,2023,,,,Ásia,Koweit,29.3117,47.4818,,,,,,,22843.882
parceiro,IMP,2023,,,,Ásia,Vietname,14.0583,108.2772,,,,,,,137025.431
parceiro,IMP,2023,,,,Ásia,Brunei,4.5353,114.7277,,,,,,,5274.786
parceiro,IMP,2023,,,,Europa,Lituânia,55.1694,23.8813,,,,,,,31123.1
parceiro,IMP,2023,,,,Europa,Países Baixos,52.1326,5.2913,,,,,,,65069.354
parceiro,IMP,2023,,,,América do Sul,Argentina,-38.4161,-63.6167,,,,,,,58377.373
parceiro,IMP,2023,,,,Europa,Portugal,39.3999,-8.2245,,,,,,,269543.644
parceiro,IMP,2023,,,,Europa,Letónia,56.8796,24.6032,,,,,,,13904.078
parceiro,IMP,2023,,,,África,Namíbia,-22.9576,18.4904,,,,,,,53650.955
parceiro,IMP,2023,,,,Ásia,Japão,36.2048,138.2529,,,,,,,217753.028
parceiro,IMP,2023,,,,Ásia,Taiwan,23.6978,120.9605,,,,,,,22071.115
parceiro,IMP,2023,,,,Europa,Itália,41.8719,12.5674,,,,,,,58910.56
parceiro,IMP,2023,,,,Ásia,Omã,21.4735,55.9754,,,,,,,32808.405
parceiro,IMP,2023,,,,Ásia,Coreia do Sul,35.9078,127.7669,,,,,,,45956.842
parceiro,IMP,2023,,,,América do Norte,Bahamas,25.0343,-77.3963,,,,,,,3004.725
parceiro,IMP,2023,,,,África,Maurícias,-20.3484,57.5522,,,,,,,44316.927
parceiro,IMP,2023,,,,Ásia,Jordânia,30.5852,36.2384,,,,,,,4879.022
parceiro,IMP,2023,,,,Ásia,Turquia,38.9637,35.2433,,,,,,,50569.131
parceiro,IMP,2023,,,,Ásia,Coreia do Norte,40.3399,127.5101,,,,,,,3168.581
parceiro,IMP,2023,,,,Europa,Dinamarca,56.2639,9.5018,,,,,,,30706.829
parceiro,IMP,2023,,,,África,Tanzânia,-6.369,34.8888,,,,,,,51367.326
parceiro,IMP,2023,,,,Europa,França,46.6034,1.8883,,,,,,,68636.716
parceiro,IMP,2023,,,,Europa,Reino Unido,55.3781,-3.436,,,,,,,54523.602
parceiro,IMP,2023,,,,África,Uganda,1.3733,32.2903,,,,,,,4054.283
parceiro,IMP,2023,,,,África,Nigéria,9.082,8.6753,,,,,,,1952.235
parceiro,IMP,2023,,,,África,Zâmbia,-13.1339,27.8493,,,,,,,36151.663
parceiro,IMP,2023,,,,África,Egipto,26.8206,30.8025,,,,,,,7351.776
parceiro,IMP,2023,,,,África,Malaui,-13.2543,34.3015,,,,,,,18004.678
parceiro,IMP,2023,,,,Europa,Noruega,60.472,8.4689,,,,,,,9308.046
parceiro,IMP,2023,,,,Ásia,Israel,31.0461,34.8516,,,,,,,2540.412
parceiro,IMP,2023,,,,África,Zimbabué,-19.0154,29.1549,,,,,,,29436.317
parceiro,IMP,2023,,,,Europa,Malta,35.9375,14.3754,,,,,,,1161.558
parceiro,IMP,2023,,,,Europa,Finlândia,61.9241,25.7482,,,,,,,4514.638
parceiro,IMP,2023,,,,Europa,Suécia,60.1282,18.6435,,,,,,,5986.895
parceiro,IMP,2023,,,,Ásia,Myanmar,21.9162,95.956,,,,,,,2722.578
parceiro,IMP,2023,,,,Europa,Ucrânia,48.3794,31.1656,,,,,,,3438.897
parceiro,IMP,2023,,,,África,Marrocos,31.7917,-7.0926,,,,,,,1912.8
parceiro,IMP,2023,,,,América do Norte,Ilhas Turks e Caicos,21.694,-71.7979,,,,,,,635.986
parceiro,IMP,2023,,,,Europa,República Eslovaca,48.669,19.699,,,,,,,1161.112
parceiro,IMP,2023,,,,Europa,Áustria,47.5162,14.5501,,,,,,,6114.005
parceiro,IMP,2023,,,,Europa,Irlanda,53.1424,-7.6921,,,,,,,5702.674
parceiro,IMP,2023,,,,África,Angola,-11.2027,17.8739,,,,,,,2155.91
parceiro,IMP,2023,,,,Oceania,Nova Zelândia,-40.9006,174.886,,,,,,,1670.053
parceiro,IMP,2023,,,,Europa,Estónia,58.5953,25.0136,,,,,,,821.098
parceiro,IMP,2023,,,,Europa,Islândia,64.9631,-19.0208,,,,,,,489.913
parceiro,IMP,2023,,,,América do Norte,Ilhas Virgens Britânicas,18.4207,-64.6399,,,,,,,732.268
parceiro,IMP,2023,,,,América do Sul,Uruguai,-32.5228,-55.7658,,,,,,,911.501
parceiro,IMP,2023,,,,África,Quénia,-1.2864,36.8172,,,,,,,11006.992
parceiro,IMP,2023,,,,Europa,Roménia,45.9432,24.9668,,,,,,,1144.197
parceiro,IMP,2023,,,,América do Sul,Chile,-35.6751,-71.543,,,,,,,4475.684
parceiro,IMP,2023,,,,Ásia,Afeganistão,33.9391,67.71,,,,,,,1457.009
parceiro,IMP,2023,,,,Ásia,Cazaquistão,48.0196,66.9237,,,,,,,490.435
parceiro,IMP,2023,,,,África,Mauritânia,21.0079,-10.9408,,,,,,,497.053
parceiro,IMP,2023,,,,África,Botsuana,-22.3285,24.6849,,,,,,,3454.565
parceiro,IMP,2023,,,,Oceania,Micronésia,7.4256,150.5508,,,,,,,367.924
parceiro,IMP,2023,,,,Europa,Eslovénia,46.1512,14.9955,,,,,,,685.701
parceiro,IMP,2023,,,,Ásia,Iémen,15.5527,48.5164,,,,,,,463.132
parceiro,IMP,2023,,,,Oceania,Ilhas Marshall,7.1315,171.1845,,,,,,,298.731
parceiro,IMP,2023,,,,África,Senegal,14.4974,-14.4524,,,,,,,699.653
parceiro,IMP,2023,,,,América do Norte,México,23.6345,-102.5528,,,,,,,6275.022
parceiro,IMP,2023,,,,África,Congo,-0.228,15.8277,,,,,,,461.877
parceiro,IMP,2023,,,,Europa,Gibraltar,36.1408,-5.3536,,,,,,,586.984
parceiro,IMP,2023,,,,Europa,Hungria,47.1625,19.5033,,,,,,,1768.792
parceiro,IMP,2023,,,,Zona Neutra,Zona Neutra,29.9792,31.1342,,,,,,,415.91
parceiro,IMP,2023,,,,África,Mali,17.5707,-3.9962,,,,,,,203.481
parceiro,IMP,2023,,,,Europa,República Checa,49.8175,15.473,,,,,,,1520.525
parceiro,IMP,2023,,,,África,Costa do Marfim,7.54,-5.5471,,,,,,,2066.105
parceiro,IMP,2023,,,,África,Reunião,-21.1151,55.5364,,,,,,,480.212
parceiro,IMP,2023,,,,Europa,Bulgária,42.7339,25.4858,,,,,,,785.973
parceiro,IMP,2023,,,,América do Norte,Cuba,21.5218,-77.7812,,,,,,,185.554
parceiro,IMP,2023,,,,África,Madagáscar,-18.7669,46.8691,,,,,,,542.478
parceiro,IMP,2023,,,,Ásia,Filipinas,12.8797,121.774,,,,,,,762.73
parceiro,IMP,2023,,,,América do Sul,Colômbia,4.5709,-74.2973,,,,,,,836.261
parceiro,IMP,2023,,,,Ásia,Sri Lanka,7.8731,80.7718,,,,,,,571.633
parceiro,IMP,2023,,,,América do Norte,Jamaica,18.1096,-77.2975,,,,,,,454.61
parceiro,IMP,2023,,,,África,Camarões,7.3697,12.3547,,,,,,,318.534
parceiro,IMP,2023,,,,Ásia,Arménia,40.0691,45.0382,,,,,,,187.1
parceiro,IMP,2023,,,,Ásia,Líbano,33.8547,35.8623,,,,,,,606.503
parceiro,IMP,2023,,,,África,Gabão,-0.8037,11.6094,,,,,,,182.317
parceiro,IMP,2023,,,,América do Norte,EUA Territórios Insulares,13.4443,144.7937,,,,,,,124.945
parceiro,IMP,2023,,,,Ásia,Qatar,25.3548,51.1839,,,,,,,620.636
parceiro,IMP,2023,,,,África,Gana,7.9465,-1.0232,,,,,,,322.964
parceiro,IMP,2023,,,,América do Sul,Paraguai,-23.4425,-58.4438,,,,,,,1058.484
parceiro,IMP,2023,,,,Europa,Alanda,61.9241,25.7482,,,,,,,901.084
parceiro,IMP,2023,,,,Europa,Luxemburgo,49.8153,6.1296,,,,,,,237.562
parceiro,IMP,2023,,,,Europa,Grécia,39.0742,21.8243,,,,,,,355.373
parceiro,IMP,2023,,,,África,Ruanda,-1.9403,29.8739,,,,,,,187.032
parceiro,IMP,2023,,,,América do Sul,Peru,-9.1899,-75.0152,,,,,,,228.957
parceiro,IMP,2023,,,,Europa,Georgia,42.3154,43.3569,,,,,,,87.854
parceiro,IMP,2023,,,,Ásia,Chipre,35.1264,33.4299,,,,,,,437.142
parceiro,IMP,2023,,,,África,Jiboti,11.8251,42.5903,,,,,,,86.514
parceiro,IMP,2023,,,,África,RD Congo,-4.0383,21.7587,,,,,,,71.938
parceiro,IMP,2023,,,,América do Sul,Equador,-1.8312,-78.1834,,,,,,,210.563
parceiro,IMP,2023,,,,África,Guiné Equatorial,1.6508,10.2679,,,,,,,61.237
parceiro,IMP,2023,,,,Ásia,Camboja,12.5657,104.991,,,,,,,56.61
parceiro,IMP,2023,,,,América do Norte,República Dominicana,18.7357,-70.1627,,,,,,,146.275
parceiro,IMP,2023,,,,África,Seicheles,-4.6796,55.492,,,,,,,358.732
parceiro,IMP,2023,,,,Oceania,Ilhas Heard,-53.0818,73.5042,,,,,,,41.996
parceiro,IMP,2023,,,,Europa,Jersey,49.2144,-2.1313,,,,,,,91.583
parceiro,IMP,2023,,,,Ásia,Macau,22.1987,113.5439,,,,,,,72.82
parceiro,IMP,2023,,,,África,Lesoto,-29.6099,28.2336,,,,,,,204.702
parceiro,IMP,2023,,,,América do Sul,Panamá,8.538,-80.7821,,,,,,,110.119
parceiro,IMP,2023,,,,Europa,Albânia,41.1533,20.1683,,,,,,,102.17
parceiro,IMP,2023,,,,América do Sul,Venezuela,6.4238,-66.5897,,,,,,,47.621
parceiro,IMP,2023,,,,América do Norte,Honduras,15.2,-86.2419,,,,,,,73.054
parceiro,IMP,2023,,,,Europa,Sérvia,44.0165,21.0059,,,,,,,44.265
parceiro,IMP,2023,,,,Ásia,Síria,34.8021,38.9968,,,,,,,57.333
parceiro,IMP,2023,,,,Ásia,Quirguistão,41.2044,74.7661,,,,,,,52.137
parceiro,IMP,2023,,,,América do Norte,Barbados,13.1939,-59.5432,,,,,,,51.121
parceiro,IMP,2023,,,,África,Togo,8.6195,0.8248,,,,,,,46.154
parceiro,IMP,2023,,,,África,Sudão do Sul,6.877,31.307,,,,,,,76.652
parceiro,IMP,2023,,,,Europa,Andorra,42.5063,1.5218,,,,,,,66.521
parceiro,IMP,2023,,,,Europa,Croácia,45.1,15.2,,,,,,,86.49
parceiro,IMP,2023,,,,África,Chade,15.4542,18.7322,,,,,,,54.128
parceiro,IMP,2023,,,,Ásia,Iraque,33.2232,43.6793,,,,,,,26.716
parceiro,IMP,2023,,,,Europa,Mónaco,43.7333,7.4167,,,,,,,18.062
parceiro,IMP,2023,,,,África,Tunísia,33.8869,9.5375,,,,,,,120.335
parceiro,IMP,2023,,,,América do Norte,Aruba,12.5211,-69.9683,,,,,,,14.246
parceiro,IMP,2023,,,,América do Norte,Haiti,18.9712,-72.2852,,,,,,,28.283
parceiro,IMP,2023,,,,África,Guiné Bissau,11.8037,-15.1804,,,,,,,43.343
parceiro,IMP,2023,,,,África,Libéria,6.4281,-9.4295,,,,,,,13.937
parceiro,IMP,2023,,,,Europa,Liechtenstein,47.166,9.5554,,,,,,,137.64
parceiro,IMP,2023,,,,África,Saara Ocidental,24.2155,-12.8858,,,,,,,10.956
parceiro,IMP,2023,,,,Ásia,Azerbaijão,40.1431,47.5769,,,,,,,10.504
parceiro,IMP,2023,,,,América do Norte,Dominica,15.415,-61.371,,,,,,,28.919
parceiro,IMP,2023,,,,América do Norte,Ilhas Virgens Americanas,18.3358,-64.8963,,,,,,,13.476
parceiro,IMP,2023,,,,África,Níger,17.6078,8.0817,,,,,,,23.983
parceiro,IMP,2023,,,,Ásia,Maldivas,3.2028,73.2207,,,,,,,8.621
parceiro,IMP,2023,,,,África,Guiné,9.9456,-9.6966,,,,,,,16.211
parceiro,IMP,2023,,,,Ásia,Irão,32.4279,53.688,,,,,,,31.217
parceiro,IMP,2023,,,,Europa,Bósnia e Herzegovina,43.9159,17.6791,,,,,,,12.592
parceiro,IMP,2023,,,,América do Norte,Nicarágua,12.8654,-85.2072,,,,,,,6.927
parceiro,IMP,2023,,,,América do Norte,São Martinho,18.0708,-63.0501,,,,,,,7.228
parceiro,IMP,2023,,,,América do Norte,Costa Rica,9.7489,-83.7534,,,,,,,8.795
parceiro,IMP,2023,,,,Oceania,Ilha Norfolk,-29.0408,167.9547,,,,,,,8.974
parceiro,IMP,2023,,,,Oceania,Nauru,-0.5228,166.9315,,,,,,,16.886
parceiro,IMP,2023,,,,Oceania,Quiribati,1.4518,173.0373,,,,,,,6.385
parceiro,IMP,2023,,,,Europa,Bielorrússia,53.7098,27.9534,,,,,,,4.922
parceiro,IMP,2023,,,,Oceania,Novo Caledónia,-20.9043,165.618,,,,,,,6.605
parceiro,IMP,2023,,,,Ásia,Território Britânico no Oceano,-6.3432,71.8765,,,,,,,5.389
parceiro,IMP,2023,,,,Oceania,Tuvalu,-7.1095,179.1943,,,,,,,3.507
parceiro,IMP,2023,,,,Europa,Guernsey,49.4482,-2.5895,,,,,,,3.324
parceiro,IMP,2023,,,,Ásia,Butão,27.5142,90.4336,,,,,,,3.147
parceiro,IMP,2023,,,,América do Sul,Trindade e Tobago,10.6918,-61.2225,,,,,,,7.192
parceiro,IMP,2023,,,,Ásia,Nepal,28.3949,84.124,,,,,,,9.495
parceiro,IMP,2023,,,,América do Sul,Ilhas Falkland,-51.7963,-59.5236,,,,,,,5.568
parceiro,IMP,2023,,,,África,Etiópia,9.145,40.4897,,,,,,,5.468
parceiro,IMP,2023,,,,Oceania,Ilhas Salomão,-9.6457,160.1562,,,,,,,2.812
parceiro,IMP,2023,,,,África,Sudão,12.8628,30.2176,,,,,,,3.065
parceiro,IMP,2023,,,,América do Norte,Porto Rico,18.2208,-66.5901,,,,,,,2.186
parceiro,IMP,2023,,,,Ásia,Turquemenistão,38.9697,59.5563,,,,,,,2.077
parceiro,IMP,2023,,,,Oceania,Samoa Americana,-14.271,-170.1322,,,,,,,1.929
parceiro,IMP,2023,,,,América do Norte,Anguila,18.2206,-63.0686,,,,,,,1.839
parceiro,IMP,2023,,,,América do Norte,El Salvador,13.7942,-88.8965,,,,,,,3.461
parceiro,IMP,2023,,,,África,Argélia,28.0339,1.6596,,,,,,,1.788
parceiro,IMP,2023,,,,África,Benin,9.3077,2.3158,,,,,,,1.351
parceiro,IMP,2023,,,,Oceania,Toquelau,-9.2,-171.8484,,,,,,,1.588
parceiro,IMP,2023,,,,América do Sul,Bolívia,-16.2902,-63.5887,,,,,,,1.145
parceiro,IMP,2023,,,,América do Norte,Bonaire,12.1784,-68.2385,,,,,,,2.042
parceiro,IMP,2023,,,,Antártica,Antártida,-75.25,-0.0714,,,,,,,1.069
parceiro,IMP,2023,,,,América do Norte,Curaçao,12.1696,-68.99,,,,,,,0.891
parceiro,IMP,2023,,,,Ásia,Laos,19.8563,102.4955,,,,,,,0.83
parceiro,IMP,2023,,,,Ásia,Mongólia,46.8625,103.8467,,,,,,,0.784
parceiro,IMP,2023,,,,Ásia,Uzbequistão,41.3775,64.5853,,,,,,,0.578
parceiro,IMP,2023,,,,América do Norte,Gronelândia,71.7069,-42.6043,,,,,,,0.526
parceiro,IMP,2023,,,,Europa,Macedónia do Norte,41.6086,21.7453,,,,,,,0.42
parceiro,IMP,2023,,,,África,Maiote,-12.8275,45.1662,,,,,,,1.018
parceiro,IMP,2023,,,,América do Norte,Belize,17.1899,-88.4976,,,,,,,1.149
parceiro,IMP,2023,,,,Antártica,Ilha Bouvet,-54.4208,3.3464,,,,,,,0.392
parceiro,IMP,2023,,,,África,República Centro-Africana,6.6111,20.9394,,,,,,,0.37
parceiro,IMP,2023,,,,Oceania,Niue,-19.0544,-169.8672,,,,,,,0.366
parceiro,IMP,2023,,,,Oceania,Vanuatu,-15.3767,166.9592,,,,,,,0.355
parceiro,IMP,2023,,,,Ásia,Timor-Leste,-8.8742,125.7275,,,,,,,0.364
parceiro,IMP,2023,,,,Oceania,Samoa,-13.759,-172.1046,,,,,,,0.195
parceiro,IMP,2023,,,,Ásia,Tajiquistão,38.861,71.2761,,,,,,,0.188
parceiro,IMP,2023,,,,África,Cabo Verde,16.5388,-23.0418,,,,,,,0.091
parceiro,IMP,2023,,,,América do Sul,Suriname,3.9193,-56.0278,,,,,,,0.081
parceiro,IMP,2023,,,,Oceania,Ilha do Natal,-10.4475,105.6904,,,,,,,0.072
parceiro,IMP,2023,,,,América do Norte,Ilhas Caymans,19.3133,-81.2546,,,,,,,0.07
parceiro,IMP,2023,,,,Europa,Ilha do Homen,54.2361,-4.5481,,,,,,,0.028
parceiro,IMP,2023,,,,Oceania,Fiji,-16.5782,179.4144,,,,,,,0.024
parceiro,IMP,2024,,,,África,África do Sul,-30.5595,22.9375,,,,,,,2250497.62
parceiro,IMP,2024,,,,África,Zimbabué,-19.0154,29.1549,,,,,,,29399.005
parceiro,IMP,2024,,,,África,Zâmbia,-13.1339,27.8493,,,,,,,37697.094
parceiro,IMP,2024,,,,África,Essuatíni,-26.5225,31.4659,,,,,,,60359.17
parceiro,IMP,2024,,,,África,Malaui,-13.2543,34.3015,,,,,,,14835.846
parceiro,IMP,2024,,,,África,Gana,7.9465,-1.0232,,,,,,,223.381
parceiro,IMP,2024,,,,Europa,Portugal,39.3999,-8.2245,,,,,,,298670.744
parceiro,IMP,2024,,,,Europa,Reino Unido,55.3781,-3.436,,,,,,,43567.426
parceiro,IMP,2024,,,,Europa,Alanda,61.9241,25.7482,,,,,,,1471.716
parceiro,IMP,2024,,,,América do Sul,Argentina,-38.4161,-63.6167,,,,,,,56163.103
parceiro,IMP,2024,,,,Ásia,Índia,20.5937,78.9629,,,,,,,624573.081
parceiro,IMP,2024,,,,Europa,Itália,41.8719,12.5674,,,,,,,99350.653
parceiro,IMP,2024,,,,Europa,Polónia,51.9194,19.1451,,,,,,,19763.915
parceiro,IMP,2024,,,,Ásia,Turquia,38.9637,35.2433,,,,,,,39642.059
parceiro,IMP,2024,,,,América do Sul,Brasil,-14.235,-51.9253,,,,,,,24714.993
parceiro,IMP,2024,,,,Europa,Espanha,40.4637,-3.7492,,,,,,,63098.765
parceiro,IMP,2024,,,,América do Norte,Estados Unidos,37.0902,-95.7129,,,,,,,178400.94
parceiro,IMP,2024,,,,Europa,Países Baixos,52.1326,5.2913,,,,,,,61249.679
parceiro,IMP,2024,,,,Europa,Bélgica,50.8503,4.3517,,,,,,,51227.415
parceiro,IMP,2024,,,,América do Sul,Chile,-35.6751,-71.543,,,,,,,2502.995
parceiro,IMP,2024,,,,Europa,Dinamarca,56.2639,9.5018,,,,,,,26508.257
parceiro,IMP,2024,,,,América do Sul,Paraguai,-23.4425,-58.4438,,,,,,,1285.581
parceiro,IMP,2024,,,,Europa,Ucrânia,48.3794,31.1656,,,,,,,4151.001
parceiro,IMP,2024,,,,América do Norte,Canadá,56.1304,-106.3468,,,,,,,40959.88
parceiro,IMP,2024,,,,Europa,Irlanda,53.1424,-7.6921,,,,,,,8561.561
parceiro,IMP,2024,,,,Ásia,Emirados Árabes Unidos,23.4241,53.8478,,,,,,,514461.856
parceiro,IMP,2024,,,,Ásia,China,35.8617,104.1954,,,,,,,1478420.728
parceiro,IMP,2024,,,,Ásia,Omã,21.4735,55.9754,,,,,,,487185.922
parceiro,IMP,2024,,,,Europa,Lituânia,55.1694,23.8813,,,,,,,20697.86
parceiro,IMP,2024,,,,África,Marrocos,31.7917,-7.0926,,,,,,,1717.844
parceiro,IMP,2024,,,,América do Sul,Peru,-9.1899,-75.0152,,,,,,,72.7
parceiro,IMP,2024,,,,Ásia,Rússia,61.524,105.3188,,,,,,,164625.812
parceiro,IMP,2024,,,,África,Namíbia,-22.9576,18.4904,,,,,,,43377.58
parceiro,IMP,2024,,,,Ásia,Japão,36.2048,138.2529,,,,,,,204240.227
parceiro,IMP,2024,,,,Ásia,Malásia,4.2105,101.9758,,,,,,,200116.905
parceiro,IMP,2024,,,,Ásia,Coreia do Sul,35.9078,127.7669,,,,,,,40395.64
parceiro,IMP,2024,,,,África,Angola,-11.2027,17.8739,,,,,,,1546.493
parceiro,IMP,2024,,,,África,Botsuana,-22.3285,24.6849,,,,,,,3255.274
parceiro,IMP,2024,,,,Ásia,Vietname,14.0583,108.2772,,,,,,,107866.574
parceiro,IMP,2024,,,,África,Egipto,26.8206,30.8025,,,,,,,4253.181
parceiro,IMP,2024,,,,Ásia,Indonésia,-0.7893,113.9213,,,,,,,19323.911
parceiro,IMP,2024,,,,Ásia,Paquistão,30.3753,69.3451,,,,,,,119749.947
parceiro,IMP,2024,,,,Europa,França,46.6034,1.8883,,,,,,,58816.03
parceiro,IMP,2024,,,,Ásia,Afeganistão,33.9391,67.71,,,,,,,616.909
parceiro,IMP,2024,,,,Ásia,Singapura,1.3521,103.8198,,,,,,,427572.878
parceiro,IMP,2024,,,,Ásia,Tailândia,15.87,100.9925,,,,,,,178794.898
parceiro,IMP,2024,,,,Europa,Alemanha,51.1657,10.4515,,,,,,,95563.971
parceiro,IMP,2024,,,,Ásia,Hong Kong,22.3964,114.1095,,,,,,,99950.356
parceiro,IMP,2024,,,,Ásia,Filipinas,12.8797,121.774,,,,,,,842.16
parceiro,IMP,2024,,,,África,Quénia,-1.2864,36.8172,,,,,,,13415.307
parceiro,IMP,2024,,,,América do Sul,Colômbia,4.5709,-74.2973,,,,,,,1107.984
parceiro,IMP,2024,,,,Europa,Albânia,41.1533,20.1683,,,,,,,265.751
parceiro,IMP,2024,,,,Europa,República Checa,49.8175,15.473,,,,,,,2611.257
parceiro,IMP,2024,,,,África,Madagáscar,-18.7669,46.8691,,,,,,,873.117
parceiro,IMP,2024,,,,África,Costa do Marfim,7.54,-5.5471,,,,,,,2302.333
parceiro,IMP,2024,,,,América do Norte,República Dominicana,18.7357,-70.1627,,,,,,,127.542
parceiro,IMP,2024,,,,Europa,Áustria,47.5162,14.5501,,,,,,,12276.521
parceiro,IMP,2024,,,,Ásia,Barém,26.0667,50.5577,,,,,,,122612.844
parceiro,IMP,2024,,,,Ásia,Koweit,29.3117,47.4818,,,,,,,57958.551
parceiro,IMP,2024,,,,Ásia,Arábia Saudita,23.8859,45.0792,,,,,,,72005.324
parceiro,IMP,2024,,,,África,Tanzânia,-6.369,34.8888,,,,,,,109209.837
parceiro,IMP,2024,,,,Europa,Suíça,46.8182,8.2275,,,,,,,15668.523
parceiro,IMP,2024,,,,Oceania,Austrália,-25.2744,133.7751,,,,,,,233998.543
parceiro,IMP,2024,,,,Europa,Suécia,60.1282,18.6435,,,,,,,7470.029
parceiro,IMP,2024,,,,África,Maurícias,-20.3484,57.5522,,,,,,,46363.67
parceiro,IMP,2024,,,,Ásia,Chipre,35.1264,33.4299,,,,,,,1170.013
parceiro,IMP,2024,,,,Ásia,Macau,22.1987,113.5439,,,,,,,365.439
parceiro,IMP,2024,,,,África,Reunião,-21.1151,55.5364,,,,,,,20.255
parceiro,IMP,2024,,,,África,Congo,-0.228,15.8277,,,,,,,416.079
parceiro,IMP,2024,,,,Europa,Finlândia,61.9241,25.7482,,,,,,,4276.403
parceiro,IMP,2024,,,,Europa,Noruega,60.472,8.4689,,,,,,,14725.984
parceiro,IMP,2024,,,,Europa,Liechtenstein,47.166,9.5554,,,,,,,43.071
parceiro,IMP,2024,,,,África,Senegal,14.4974,-14.4524,,,,,,,81.894
parceiro,IMP,2024,,,,América do Norte,México,23.6345,-102.5528,,,,,,,7532.652
parceiro,IMP,2024,,,,América do Norte,Belize,17.1899,-88.4976,,,,,,,25.972
parceiro,IMP,2024,,,,Ásia,Taiwan,23.6978,120.9605,,,,,,,9534.882
parceiro,IMP,2024,,,,Europa,Grécia,39.0742,21.8243,,,,,,,182.556
parceiro,IMP,2024,,,,África,Etiópia,9.145,40.4897,,,,,,,34.576
parceiro,IMP,2024,,,,África,Nigéria,9.082,8.6753,,,,,,,320.436
parceiro,IMP,2024,,,,América do Norte,Curaçao,12.1696,-68.99,,,,,,,0.043
parceiro,IMP,2024,,,,Ásia,Cazaquistão,48.0196,66.9237,,,,,,,21.686
parceiro,IMP,2024,,,,América do Norte,São Martinho,18.0708,-63.0501,,,,,,,11.839
parceiro,IMP,2024,,,,Ásia,Sri Lanka,7.8731,80.7718,,,,,,,579.326
parceiro,IMP,2024,,,,América do Norte,Ilhas Virgens Britânicas,18.4207,-64.6399,,,,,,,2752.224
parceiro,IMP,2024,,,,América do Norte,Ilhas Virgens Americanas,18.3358,-64.8963,,,,,,,36.365
parceiro,IMP,2024,,,,Ásia,Bangladesh,23.685,90.3563,,,,,,,1123.555
parceiro,IMP,2024,,,,Ásia,Azerbaijão,40.1431,47.5769,,,,,,,101.31
parceiro,IMP,2024,,,,Antártica,Ilha Bouvet,-54.4208,3.3464,,,,,,,0.165
parceiro,IMP,2024,,,,África,Lesoto,-29.6099,28.2336,,,,,,,526.782
parceiro,IMP,2024,,,,Ásia,Camboja,12.5657,104.991,,,,,,,151.741
parceiro,IMP,2024,,,,Europa,Moldávia,47.4116,28.3699,,,,,,,0.212
parceiro,IMP,2024,,,,Ásia,Mongólia,46.8625,103.8467,,,,,,,754.504
parceiro,IMP,2024,,,,América do Norte,Honduras,15.2,-86.2419,,,,,,,121.31
parceiro,IMP,2024,,,,Europa,Bulgária,42.7339,25.4858,,,,,,,415.415
parceiro,IMP,2024,,,,Europa,Georgia,42.3154,43.3569,,,,,,,69.763
parceiro,IMP,2024,,,,Ásia,Nepal,28.3949,84.124,,,,,,,16.418
parceiro,IMP,2024,,,,América do Norte,Costa Rica,9.7489,-83.7534,,,,,,,2.342
parceiro,IMP,2024,,,,África,Chade,15.4542,18.7322,,,,,,,92.026
parceiro,IMP,2024,,,,Europa,República Eslovaca,48.669,19.699,,,,,,,233.805
parceiro,IMP,2024,,,,Europa,Hungria,47.1625,19.5033,,,,,,,2801.292
parceiro,IMP,2024,,,,Europa,Eslovénia,46.1512,14.9955,,,,,,,99.16
parceiro,IMP,2024,,,,África,Tunísia,33.8869,9.5375,,,,,,,201.12
parceiro,IMP,2024,,,,Europa,Roménia,45.9432,24.9668,,,,,,,1483.397
parceiro,IMP,2024,,,,Ásia,Israel,31.0461,34.8516,,,,,,,1894.085
parceiro,IMP,2024,,,,Ásia,Coreia do Norte,40.3399,127.5101,,,,,,,844.673
parceiro,IMP,2024,,,,Europa,Croácia,45.1,15.2,,,,,,,240.603
parceiro,IMP,2024,,,,Europa,Letónia,56.8796,24.6032,,,,,,,478.092
parceiro,IMP,2024,,,,Europa,Sérvia,44.0165,21.0059,,,,,,,11.642
parceiro,IMP,2024,,,,Ásia,Myanmar,21.9162,95.956,,,,,,,30968.291
parceiro,IMP,2024,,,,Europa,Luxemburgo,49.8153,6.1296,,,,,,,150.341
parceiro,IMP,2024,,,,América do Norte,Anguila,18.2206,-63.0686,,,,,,,0.899
parceiro,IMP,2024,,,,África,Guiné Bissau,11.8037,-15.1804,,,,,,,57.587
parceiro,IMP,2024,,,,América do Norte,Jamaica,18.1096,-77.2975,,,,,,,141.426
parceiro,IMP,2024,,,,Ásia,Timor-Leste,-8.8742,125.7275,,,,,,,0.71
parceiro,IMP,2024,,,,Ásia,Qatar,25.3548,51.1839,,,,,,,6993.957
parceiro,IMP,2024,,,,Europa,Jersey,49.2144,-2.1313,,,,,,,33.063
parceiro,IMP,2024,,,,Oceania,Terras Austrais Francesas,-49.2804,69.3486,,,,,,,21.703
parceiro,IMP,2024,,,,Ásia,Líbano,33.8547,35.8623,,,,,,,3485.463
parceiro,IMP,2024,,,,Europa,Estónia,58.5953,25.0136,,,,,,,7651.185
parceiro,IMP,2024,,,,Ásia,Arménia,40.0691,45.0382,,,,,,,2426.178
parceiro,IMP,2024,,,,África,República Centro-Africana,6.6111,20.9394,,,,,,,0.314
parceiro,IMP,2024,,,,Europa,Gibraltar,36.1408,-5.3536,,,,,,,311.345
parceiro,IMP,2024,,,,Ásia,Jordânia,30.5852,36.2384,,,,,,,228.152
parceiro,IMP,2024,,,,América do Sul,Trindade e Tobago,10.6918,-61.2225,,,,,,,46.355
parceiro,IMP,2024,,,,África,Uganda,1.3733,32.2903,,,,,,,1515.677
parceiro,IMP,2024,,,,América do Sul,Equador,-1.8312,-78.1834,,,,,,,7.281
parceiro,IMP,2024,,,,Europa,Macedónia do Norte,41.6086,21.7453,,,,,,,66.225
parceiro,IMP,2024,,,,África,Eritreia,15.1794,39.7823,,,,,,,31.801
parceiro,IMP,2024,,,,Oceania,Samoa Americana,-14.271,-170.1322,,,,,,,7.587
parceiro,IMP,2024,,,,Oceania,Fiji,-16.5782,179.4144,,,,,,,1.053
parceiro,IMP,2024,,,,África,Ruanda,-1.9403,29.8739,,,,,,,66.031
parceiro,IMP,2024,,,,África,Seicheles,-4.6796,55.492,,,,,,,162.052
parceiro,IMP,2024,,,,Ásia,Iraque,33.2232,43.6793,,,,,,,94.854
parceiro,IMP,2024,,,,Zona Neutra,Zona Neutra,29.9792,31.1342,,,,,,,304.387
parceiro,IMP,2024,,,,América do Sul,Suriname,3.9193,-56.0278,,,,,,,190.08
parceiro,IMP,2024,,,,América do Norte,Cuba,21.5218,-77.7812,,,,,,,3.811
parceiro,IMP,2024,,,,Oceania,Nova Zelândia,-40.9006,174.886,,,,,,,659.257
parceiro,IMP,2024,,,,América do Norte,Guatemala,15.7835,-90.2308,,,,,,,13.686
parceiro,IMP,2024,,,,América do Norte,Nicarágua,12.8654,-85.2072,,,,,,,2.818
parceiro,IMP,2024,,,,África,Argélia,28.0339,1.6596,,,,,,,80.158
parceiro,IMP,2024,,,,América do Norte,EUA Territórios Insulares,13.4443,144.7937,,,,,,,4.659
parceiro,IMP,2024,,,,Europa,Malta,35.9375,14.3754,,,,,,,477.068
parceiro,IMP,2024,,,,América do Norte,Grenada,12.1165,-61.679,,,,,,,2.415
parceiro,IMP,2024,,,,Oceania,Ilhas Heard,-53.0818,73.5042,,,,,,,15.988
parceiro,IMP,2024,,,,Europa,Islândia,64.9631,-19.0208,,,,,,,1.51
parceiro,IMP,2024,,,,África,Líbia,26.3351,17.2283,,,,,,,0.206
parceiro,IMP,2024,,,,África,Gabão,-0.8037,11.6094,,,,,,,310.33
parceiro,IMP,2024,,,,África,Mauritânia,21.0079,-10.9408,,,,,,,615.138
parceiro,IMP,2024,,,,Ásia,Quirguistão,41.2044,74.7661,,,,,,,39.233
parceiro,IMP,2024,,,,África,Burundi,-3.3731,29.9189,,,,,,,3.552
parceiro,IMP,2024,,,,África,Togo,8.6195,0.8248,,,,,,,158.427
parceiro,IMP,2024,,,,América do Sul,Uruguai,-32.5228,-55.7658,,,,,,,947.066
parceiro,IMP,2024,,,,África,Sudão do Sul,6.877,31.307,,,,,,,52.013
parceiro,IMP,2024,,,,América do Norte,Bonaire,12.1784,-68.2385,,,,,,,20.601
parceiro,IMP,2024,,,,América do Norte,São Pedro e Miquelão,0,0,,,,,,,8.207
parceiro,IMP,2024,,,,América do Norte,Porto Rico,18.2208,-66.5901,,,,,,,5.862
parceiro,IMP,2024,,,,Ásia,Uzbequistão,41.3775,64.5853,,,,,,,3.621
parceiro,IMP,2024,,,,América do Sul,Venezuela,6.4238,-66.5897,,,,,,,119.418
parceiro,IMP,2024,,,,Ásia,Turquemenistão,38.9697,59.5563,,,,,,,0.682
parceiro,IMP,2024,,,,África,Níger,17.6078,8.0817,,,,,,,5.431
parceiro,IMP,2024,,,,África,Camarões,7.3697,12.3547,,,,,,,23.466
parceiro,IMP,2024,,,,África,Comores,-11.6455,43.3333,,,,,,,4.736
parceiro,IMP,2024,,,,Oceania,Ilha Norfolk,-29.0408,167.9547,,,,,,,13.177
parceiro,IMP,2024,,,,Europa,Bósnia e Herzegovina,43.9159,17.6791,,,,,,,9.619
parceiro,IMP,2024,,,,Europa,Estado de Vaticano,41.9029,12.4534,,,,,,,1.055
parceiro,IMP,2024,,,,Ásia,Maldivas,3.2028,73.2207,,,,,,,1.057
parceiro,IMP,2024,,,,África,Jiboti,11.8251,42.5903,,,,,,,13.259
parceiro,IMP,2024,,,,África,Mali,17.5707,-3.9962,,,,,,,9.562
parceiro,IMP,2024,,,,Europa,Andorra,42.5063,1.5218,,,,,,,10.381
parceiro,IMP,2024,,,,Ásia,Síria,34.8021,38.9968,,,,,,,31.056
parceiro,IMP,2024,,,,Europa,San Marino,43.9424,12.4578,,,,,,,460.561
parceiro,IMP,2024,,,,África,Libéria,6.4281,-9.4295,,,,,,,47.755
parceiro,IMP,2024,,,,América do Sul,Guiana,4.8604,-58.9302,,,,,,,6.369
parceiro,IMP,2024,,,,Oceania,Vanuatu,-15.3767,166.9592,,,,,,,0.413
parceiro,IMP,2024,,,,Ásia,Irão,32.4279,53.688,,,,,,,15.846
parceiro,IMP,2024,,,,América do Norte,Dominica,15.415,-61.371,,,,,,,36.575
parceiro,IMP,2024,,,,América do Norte,Ilhas Turks e Caicos,21.694,-71.7979,,,,,,,2.313
parceiro,IMP,2024,,,,América do Norte,El Salvador,13.7942,-88.8965,,,,,,,0.696
parceiro,IMP,2024,,,,América do Norte,Bahamas,25.0343,-77.3963,,,,,,,6.816
parceiro,IMP,2024,,,,América do Norte,São Cristóvão e Nevis,17.3578,-62.783,,,,,,,0.48
parceiro,IMP,2024,,,,Ásia,Tajiquistão,38.861,71.2761,,,,,,,0.143
parceiro,IMP,2024,,,,Europa,Ilha do Homen,54.2361,-4.5481,,,,,,,8.904
parceiro,IMP,2024,,,,Oceania,Ilhas Marshall,7.1315,171.1845,,,,,,,87.161
parceiro,IMP,2024,,,,África,Saara Ocidental,24.2155,-12.8858,,,,,,,1.271
parceiro,IMP,2024,,,,Ásia,Laos,19.8563,102.4955,,,,,,,4.295
parceiro,IMP,2024,,,,África,Burquina Fasso,12.2383,-1.5616,,,,,,,2.267
parceiro,IMP,2024,,,,África,Cabo Verde,16.5388,-23.0418,,,,,,,391.145
parceiro,IMP,2024,,,,África,Serra Leoa,8.4606,-11.7799,,,,,,,204.455
parceiro,IMP,2024,,,,Ásia,Brunei,4.5353,114.7277,,,,,,,1.7
parceiro,IMP,2024,,,,Antártica,Antártida,-75.25,-0.0714,,,,,,,0.101
parceiro,IMP,2024,,,,África,Benin,9.3077,2.3158,,,,,,,182.653
parceiro,IMP,2024,,,,Oceania,Toquelau,-9.2,-171.8484,,,,,,,0.246
parceiro,IMP,2024,,,,África,Somália,5.1521,46.1996,,,,,,,1.372
parceiro,IMP,2024,,,,África,Gâmbia,13.4432,-15.3101,,,,,,,0.17
parceiro,IMP,2024,,,,Oceania,Tonga,-21.1789,-175.1982,,,,,,,0.069
parceiro,IMP,2024,,,,Não classificado,Palestina,0,0,,,,,,,58.1
parceiro,IMP,2024,,,,Ásia,Iémen,15.5527,48.5164,,,,,,,71.658
parceiro,IMP,2024,,,,Oceania,Pitcairn,-24.3768,-128.3242,,,,,,,0.01
parceiro,IMP,2024,,,,Oceania,Micronésia,7.4256,150.5508,,,,,,,174.729
parceiro,IMP,2024,,,,Europa,Mónaco,43.7333,7.4167,,,,,,,43.373
parceiro,IMP,2024,,,,América do Sul,Panamá,8.538,-80.7821,,,,,,,2.038
parceiro,IMP,2024,,,,Ásia,Butão,27.5142,90.4336,,,,,,,0.728
parceiro,IMP,2024,,,,Oceania,Ilhas Salomão,-9.6457,160.1562,,,,,,,2.171
parceiro,IMP,2024,,,,Oceania,Novo Caledónia,-20.9043,165.618,,,,,,,1.013
parceiro,IMP,2024,,,,América do Norte,São Bartolomeu,17.896,-62.8508,,,,,,,0.025
parceiro,IMP,2024,,,,América do Sul,Ilhas Falkland,-51.7963,-59.5236,,,,,,,0.002
parceiro,IMP,2024,,,,Não classificado,Monserrate,0,0,,,,,,,0.033
parceiro,IMP,2024,,,,América do Norte,Aruba,12.5211,-69.9683,,,,,,,31.164
parceiro,IMP,2024,,,,América do Norte,Gronelândia,71.7069,-42.6043,,,,,,,0.373
parceiro,IMP,2024,,,,América do Norte,Ilhas Caymans,19.3133,-81.2546,,,,,,,6.185
parceiro,IMP,2024,,,,América do Norte,Antigua e Barbuda,17.0608,-61.7964,,,,,,,23.973
parceiro,IMP,2024,,,,Oceania,Nauru,-0.5228,166.9315,,,,,,,1.006
parceiro,IMP,2024,,,,África,Sudão,12.8628,30.2176,,,,,,,6.676
parceiro,IMP,2024,,,,Europa,Bielorrússia,53.7098,27.9534,,,,,,,7.449
parceiro,IMP,2024,,,,Não classificado,Marianas Setentrionais,0,0,,,,,,,0.277
parceiro,IMP,2024,,,,Oceania,Palau,7.515,134.5825,,,,,,,0.169
parceiro,IMP,2024,,,,África,Maiote,-12.8275,45.1662,,,,,,,4.851
parceiro,IMP,2024,,,,África,Guiné,9.9456,-9.6966,,,,,,,3.806
parceiro,IMP,2024,,,,Oceania,Papua Nova Guiné,-6.3149,143.9555,,,,,,,0.436
parceiro,IMP,2024,,,,Ásia,Território Britânico no Oceano,-6.3432,71.8765,,,,,,,0.2
parceiro,IMP,2025,,,,Ásia,Japão,36.2048,138.2529,,,,,,,155675.826
parceiro,IMP,2025,,,,África,Tanzânia,-6.369,34.8888,,,,,,,32162.028
parceiro,IMP,2025,,,,Ásia,Singapura,1.3521,103.8198,,,,,,,508533.819
parceiro,IMP,2025,,,,Europa,Países Baixos,52.1326,5.2913,,,,,,,134261.422
parceiro,IMP,2025,,,,Ásia,EMIRATOS ARABES UNIDOS,23.4241,53.8478,,,,,,,271701.35
parceiro,IMP,2025,,,,Ásia,China,35.8617,104.1954,,,,,,,1349647.323
parceiro,IMP,2025,,,,África,Africa do Sul,-30.5595,22.9375,,,,,,,1205642.516
parceiro,IMP,2025,,,,Ásia,India,20.5937,78.9629,,,,,,,299838.761
parceiro,IMP,2025,,,,América do Norte,United States,37.0902,-95.7129,,,,,,,65217.628
parceiro,IMP,2025,,,,Ásia,israel,31.0461,34.8516,,,,,,,1837.465
parceiro,IMP,2025,,,,Europa,Itália,41.8719,12.5674,,,,,,,73575.778
parceiro,IMP,2025,,,,Europa,Bélgica,50.8503,4.3517,,,,,,,31737.837
parceiro,IMP,2025,,,,Europa,Noruega,60.472,8.4689,,,,,,,5906.256
parceiro,IMP,2025,,,,Europa,França,46.6034,1.8883,,,,,,,33289.42
parceiro,IMP,2025,,,,Europa,Bulgária,42.7339,25.4858,,,,,,,2174.29
parceiro,IMP,2025,,,,África,Mauritânia,21.0079,-10.9408,,,,,,,216.986
parceiro,IMP,2025,,,,Ásia,Turquia,38.9637,35.2433,,,,,,,17972.379
parceiro,IMP,2025,,,,Ásia,Hong Kong,22.3964,114.1095,,,,,,,71400.467
parceiro,IMP,2025,,,,Europa,Portugal,39.3999,-8.2245,,,,,,,222677.624
parceiro,IMP,2025,,,,Europa,Reino Unido,55.3781,-3.436,,,,,,,41780.82
parceiro,IMP,2025,,,,Europa,Dinamarca,56.2639,9.5018,,,,,,,19593.754
parceiro,IMP,2025,,,,Europa,Alemanha,51.1657,10.4515,,,,,,,47878.2
parceiro,IMP,2025,,,,Não classificado,Zimbabue,0,0,,,,,,,28645.808
parceiro,IMP,2025,,,,África,Botsuana,-22.3285,24.6849,,,,,,,1846.292
parceiro,IMP,2025,,,,África,Lesoto,-29.6099,28.2336,,,,,,,2459.297
parceiro,IMP,2025,,,,África,Zambia,-13.1339,27.8493,,,,,,,23817.413
parceiro,IMP,2025,,,,África,Namíbia,-22.9576,18.4904,,,,,,,41867.938
parceiro,IMP,2025,,,,Não classificado,Quénia,0,0,,,,,,,27521.556
parceiro,IMP,2025,,,,África,Senegal,14.4974,-14.4524,,,,,,,94.525
parceiro,IMP,2025,,,,África,Gabão,-0.8037,11.6094,,,,,,,133.517
parceiro,IMP,2025,,,,África,Camarões,7.3697,12.3547,,,,,,,17.969
parceiro,IMP,2025,,,,América do Sul,Brasil,-14.235,-51.9253,,,,,,,16633.295
parceiro,IMP,2025,,,,Ásia,Paquistão,30.3753,69.3451,,,,,,,79861.409
parceiro,IMP,2025,,,,Ásia,Camboja,12.5657,104.991,,,,,,,1684.191
parceiro,IMP,2025,,,,África,Seychelles,-4.6796,55.492,,,,,,,672.923
parceiro,IMP,2025,,,,Ásia,Coreia do Sul,35.9078,127.7669,,,,,,,34618.496
parceiro,IMP,2025,,,,Ásia,Malaysia,4.2105,101.9758,,,,,,,41650.139
parceiro,IMP,2025,,,,Ásia,Arábia Saudita,23.8859,45.0792,,,,,,,55168.961
parceiro,IMP,2025,,,,Europa,Espanha,40.4637,-3.7492,,,,,,,37592.176
parceiro,IMP,2025,,,,Não classificado,Egipto,0,0,,,,,,,4390.938
parceiro,IMP,2025,,,,Europa,Suécia,60.1282,18.6435,,,,,,,5476.587
parceiro,IMP,2025,,,,Ásia,Indonésia,-0.7893,113.9213,,,,,,,16688.589
parceiro,IMP,2025,,,,Ásia,Taiwan,23.6978,120.9605,,,,,,,6211.554
parceiro,IMP,2025,,,,Não classificado,Koweit,0,0,,,,,,,25625.198
parceiro,IMP,2025,,,,Oceania,Austrália,-25.2744,133.7751,,,,,,,18095.601
parceiro,IMP,2025,,,,América do Sul,Chile,-35.6751,-71.543,,,,,,,754.437
parceiro,IMP,2025,,,,Europa,Suíça,46.8182,8.2275,,,,,,,38713.489
parceiro,IMP,2025,,,,Ásia,Chipre,35.1264,33.4299,,,,,,,1838.719
parceiro,IMP,2025,,,,Ásia,Tailândia,15.87,100.9925,,,,,,,102179.908
parceiro,IMP,2025,,,,Não classificado,Macedónia,0,0,,,,,,,64.206
parceiro,IMP,2025,,,,Ásia,Rússia,61.524,105.3188,,,,,,,23983.599
parceiro,IMP,2025,,,,África,MAURICIAS,-20.3484,57.5522,,,,,,,62875.981
parceiro,IMP,2025,,,,África,Nigéria,9.082,8.6753,,,,,,,486.176
parceiro,IMP,2025,,,,América do Norte,Canadá,56.1304,-106.3468,,,,,,,24573.586
parceiro,IMP,2025,,,,América do Sul,Argentina,-38.4161,-63.6167,,,,,,,30538.173
parceiro,IMP,2025,,,,Europa,HUNGRIA,47.1625,19.5033,,,,,,,2147.342
parceiro,IMP,2025,,,,América do Sul,Paraguai,-23.4425,-58.4438,,,,,,,704.015
parceiro,IMP,2025,,,,Não classificado,Polónia,0,0,,,,,,,7177.905
parceiro,IMP,2025,,,,Europa,Ucrânia,48.3794,31.1656,,,,,,,4145.04
parceiro,IMP,2025,,,,África,Tunísia,33.8869,9.5375,,,,,,,159.945
parceiro,IMP,2025,,,,Não classificado,Chéquia,0,0,,,,,,,1461.321
parceiro,IMP,2025,,,,África,Angola,-11.2027,17.8739,,,,,,,2640.703
parceiro,IMP,2025,,,,Ásia,Líbano,33.8547,35.8623,,,,,,,2271.276
parceiro,IMP,2025,,,,África,MARROCOS,31.7917,-7.0926,,,,,,,696.425
parceiro,IMP,2025,,,,Não classificado,Qatar,0,0,,,,,,,1637.193
parceiro,IMP,2025,,,,Não classificado,Vietname,0,0,,,,,,,53477.086
parceiro,IMP,2025,,,,América do Norte,México,23.6345,-102.5528,,,,,,,285.68
parceiro,IMP,2025,,,,Não classificado,Estónia,0,0,,,,,,,409.291
parceiro,IMP,2025,,,,Europa,Malta,35.9375,14.3754,,,,,,,1329.61
parceiro,IMP,2025,,,,Europa,Croacia,45.1,15.2,,,,,,,112.201
parceiro,IMP,2025,,,,África,Costa do Marfim,7.54,-5.5471,,,,,,,1922.3
parceiro,IMP,2025,,,,Oceania,Ilhas Marshall,7.1315,171.1845,,,,,,,44.083
parceiro,IMP,2025,,,,Ásia,Bangladesh,23.685,90.3563,,,,,,,1618.309
parceiro,IMP,2025,,,,Europa,GIBRALTAR,36.1408,-5.3536,,,,,,,700.155
parceiro,IMP,2025,,,,Europa,Luxemburgo,49.8153,6.1296,,,,,,,782.507
parceiro,IMP,2025,,,,Ásia,Afghanistan,33.9391,67.71,,,,,,,309.732
parceiro,IMP,2025,,,,Europa,Irlanda,53.1424,-7.6921,,,,,,,9455.142
parceiro,IMP,2025,,,,Europa,Áustria,47.5162,14.5501,,,,,,,8191.873
parceiro,IMP,2025,,,,Europa,Finlândia,61.9241,25.7482,,,,,,,2556.114
parceiro,IMP,2025,,,,América do Norte,Ilhas Virgens Britânicas,18.4207,-64.6399,,,,,,,395.87
parceiro,IMP,2025,,,,Europa,Albânia,41.1533,20.1683,,,,,,,330.889
parceiro,IMP,2025,,,,América do Norte,República Dominicana,18.7357,-70.1627,,,,,,,105.703
parceiro,IMP,2025,,,,África,Ghana,7.9465,-1.0232,,,,,,,55.676
parceiro,IMP,2025,,,,África,Ruanda,-1.9403,29.8739,,,,,,,321.433
parceiro,IMP,2025,,,,África,Suazilândia,-26.5225,31.4659,,,,,,,41952.588
parceiro,IMP,2025,,,,América do Norte,Jamaica,18.1096,-77.2975,,,,,,,359.774
parceiro,IMP,2025,,,,Não classificado,Barém,0,0,,,,,,,128427.764
parceiro,IMP,2025,,,,0,ZEE; ZFI MOCAMBIQUE,0,0,,,,,,,41165.092
parceiro,IMP,2025,,,,Europa,Alanda,61.9241,25.7482,,,,,,,670.318
parceiro,IMP,2025,,,,Ásia,Oman,21.4735,55.9754,,,,,,,200862.882
parceiro,IMP,2025,,,,Oceania,Nova Zelândia,-40.9006,174.886,,,,,,,201.285
parceiro,IMP,2025,,,,Ásia,Filipinas,12.8797,121.774,,,,,,,1229.169
parceiro,IMP,2025,,,,Não classificado,Roménia,0,0,,,,,,,282.349
parceiro,IMP,2025,,,,América do Sul,Panama,8.538,-80.7821,,,,,,,49.609
parceiro,IMP,2025,,,,Europa,Moldávia,47.4116,28.3699,,,,,,,189.497
parceiro,IMP,2025,,,,África,Malawi,-13.2543,34.3015,,,,,,,7164.609
parceiro,IMP,2025,,,,África,Togo,8.6195,0.8248,,,,,,,69.059
parceiro,IMP,2025,,,,Não classificado,Burquina Faso,0,0,,,,,,,36.611
parceiro,IMP,2025,,,,África,CONGO,-0.228,15.8277,,,,,,,71.826
parceiro,IMP,2025,,,,América do Sul,Colômbia,4.5709,-74.2973,,,,,,,249.638
parceiro,IMP,2025,,,,América do Norte,Bahamas,25.0343,-77.3963,,,,,,,2732.685
parceiro,IMP,2025,,,,África,CONGO DEMOCRATICO,-4.0383,21.7587,,,,,,,9.29
parceiro,IMP,2025,,,,África,Niger,17.6078,8.0817,,,,,,,16.234
parceiro,IMP,2025,,,,Não classificado,STATE OF PALESTINE,0,0,,,,,,,23.958
parceiro,IMP,2025,,,,África,Argélia,28.0339,1.6596,,,,,,,30.944
parceiro,IMP,2025,,,,América do Norte,Nicarágua,12.8654,-85.2072,,,,,,,30.912
parceiro,IMP,2025,,,,Ásia,Coreia do Norte,40.3399,127.5101,,,,,,,1399.052
parceiro,IMP,2025,,,,África,Etiópia,9.145,40.4897,,,,,,,14.904
parceiro,IMP,2025,,,,Ásia,Nepal,28.3949,84.124,,,,,,,18.673
parceiro,IMP,2025,,,,Ásia,Macau,22.1987,113.5439,,,,,,,124.377
parceiro,IMP,2025,,,,Europa,Lituânia,55.1694,23.8813,,,,,,,16039.991
parceiro,IMP,2025,,,,Europa,Grecia,39.0742,21.8243,,,,,,,556.73
parceiro,IMP,2025,,,,Não classificado,Slovak Republic,0,0,,,,,,,86.146
parceiro,IMP,2025,,,,África,SOUTH SUDAN,6.877,31.307,,,,,,,20.999
parceiro,IMP,2025,,,,Ásia,Sri Lanka,7.8731,80.7718,,,,,,,227.689
parceiro,IMP,2025,,,,Não classificado,Iémen,0,0,,,,,,,25.318
parceiro,IMP,2025,,,,Oceania,Samoa Americana,-14.271,-170.1322,,,,,,,3080.245
parceiro,IMP,2025,,,,África,Uganda,1.3733,32.2903,,,,,,,1970.445
parceiro,IMP,2025,,,,Ásia,Azerbaijão,40.1431,47.5769,,,,,,,11.115
parceiro,IMP,2025,,,,África,Djibouti,11.8251,42.5903,,,,,,,57.464
parceiro,IMP,2025,,,,Não classificado,Eslovénia,0,0,,,,,,,21.601
parceiro,IMP,2025,,,,Ásia,Iraque,33.2232,43.6793,,,,,,,2.209
parceiro,IMP,2025,,,,África,Saara Ocidental,24.2155,-12.8858,,,,,,,3.973
parceiro,IMP,2025,,,,Não classificado,Letónia,0,0,,,,,,,180.545
parceiro,IMP,2025,,,,América do Sul,Bolívia,-16.2902,-63.5887,,,,,,,2.524
parceiro,IMP,2025,,,,Ásia,Cazaquistão,48.0196,66.9237,,,,,,,11.17
parceiro,IMP,2025,,,,Não classificado,ISLE OF MAN,0,0,,,,,,,584.855
parceiro,IMP,2025,,,,África,Madagáscar,-18.7669,46.8691,,,,,,,1182.43
parceiro,IMP,2025,,,,África,Líbia,26.3351,17.2283,,,,,,,0.952
parceiro,IMP,2025,,,,Não classificado,Ilha do Natal,0,0,,,,,,,152.355
parceiro,IMP,2025,,,,América do Sul,Uruguai,-32.5228,-55.7658,,,,,,,974.072
parceiro,IMP,2025,,,,América do Norte,Honduras,15.2,-86.2419,,,,,,,22.053
parceiro,IMP,2025,,,,América do Norte,Cuba,21.5218,-77.7812,,,,,,,1.086
parceiro,IMP,2025,,,,Europa,Liechtenstein,47.166,9.5554,,,,,,,120.008
parceiro,IMP,2025,,,,Ásia,Jordânia,30.5852,36.2384,,,,,,,268.599
parceiro,IMP,2025,,,,África,Cabo Verde,16.5388,-23.0418,,,,,,,74.342
parceiro,IMP,2025,,,,Oceania,Papua Nova Guiné,-6.3149,143.9555,,,,,,,0.66
parceiro,IMP,2025,,,,África,Guine,9.9456,-9.6966,,,,,,,0.505
parceiro,IMP,2025,,,,África,Reunião,-21.1151,55.5364,,,,,,,8.948
parceiro,IMP,2025,,,,Não classificado,Myanmar,0,0,,,,,,,1415.923
parceiro,IMP,2025,,,,África,Somália,5.1521,46.1996,,,,,,,85.717
parceiro,IMP,2025,,,,Não classificado,Guiné Bissau,0,0,,,,,,,0.785
parceiro,IMP,2025,,,,Oceania,FRENCH SOUTHERN TERRITORI,-49.2804,69.3486,,,,,,,3.059
parceiro,IMP,2025,,,,América do Norte,Porto Rico,18.2208,-66.5901,,,,,,,0.051
parceiro,IMP,2025,,,,América do Norte,Costa Rica,9.7489,-83.7534,,,,,,,287.567
parceiro,IMP,2025,,,,América do Norte,Haiti,18.9712,-72.2852,,,,,,,54.311
parceiro,IMP,2025,,,,Ásia,Brunei,4.5353,114.7277,,,,,,,1.844
parceiro,IMP,2025,,,,Não classificado,Georgia,0,0,,,,,,,3.418
parceiro,IMP,2025,,,,Oceania,Ilhas Cook,-21.2367,-159.7777,,,,,,,74.225
parceiro,IMP,2025,,,,Ásia,Índia,20.5937,78.9629,,,,,,,248975.456
parceiro,IMP,2025,,,,Ásia,Qatar,25.3548,51.1839,,,,,,,850.616
parceiro,IMP,2025,,,,África,África  do Sul,-30.5595,22.9375,,,,,,,961264.377
parceiro,IMP,2025,,,,Europa,Bósnia e Herzegovina,43.9159,17.6791,,,,,,,18.907
parceiro,IMP,2025,,,,Oceânia,Austrália,-25.2744,133.7751,,,,,,,93172.7
parceiro,IMP,2025,,,,América,Estados Unidos,37.0902,-95.7129,,,,,,,83620.008
parceiro,IMP,2025,,,,Ásia,Emirados Árabes Unidos,23.4241,53.8478,,,,,,,357582.835
parceiro,IMP,2025,,,,Europa,Turquia,38.9637,35.2433,,,,,,,14415.752
parceiro,IMP,2025,,,,Europa,Rússia,61.524,105.3188,,,,,,,69318.851
parceiro,IMP,2025,,,,Europa,Roménia,45.9432,24.9668,,,,,,,3062.261
parceiro,IMP,2025,,,,América,Brasil,-14.235,-51.9253,,,,,,,19889.629
parceiro,IMP,2025,,,,Europa,Letónia,56.8796,24.6032,,,,,,,436.791
parceiro,IMP,2025,,,,Ásia,Omã,21.4735,55.9754,,,,,,,53963.999
parceiro,IMP,2025,,,,África,Egipto,26.8206,30.8025,,,,,,,5445.482
parceiro,IMP,2025,,,,América,Argentina,-38.4161,-63.6167,,,,,,,12563.489
parceiro,IMP,2025,,,,Ásia,Malásia,4.2105,101.9758,,,,,,,154527.197
parceiro,IMP,2025,,,,Ásia,Vietname,14.0583,108.2772,,,,,,,61285.825
parceiro,IMP,2025,,,,América,México,23.6345,-102.5528,,,,,,,2370.98
parceiro,IMP,2025,,,,África,Essuatíni,-26.5225,31.4659,,,,,,,25119.159
parceiro,IMP,2025,,,,América,Colômbia,4.5709,-74.2973,,,,,,,158.336
parceiro,IMP,2025,,,,América,Ilhas Virgens Britânicas,18.4207,-64.6399,,,,,,,183.783
parceiro,IMP,2025,,,,África,Gana,7.9465,-1.0232,,,,,,,248.194
parceiro,IMP,2025,,,,Ásia,Israel,31.0461,34.8516,,,,,,,454.396
parceiro,IMP,2025,,,,África,Quénia,-1.2864,36.8172,,,,,,,4184.441
parceiro,IMP,2025,,,,Europa,Gibraltar,36.1408,-5.3536,,,,,,,495.422
parceiro,IMP,2025,,,,África,Malaui,-13.2543,34.3015,,,,,,,3360.346
parceiro,IMP,2025,,,,América,Canadá,56.1304,-106.3468,,,,,,,27427.41
parceiro,IMP,2025,,,,Oceânia,Ilha Norfolk,-29.0408,167.9547,,,,,,,5.424
parceiro,IMP,2025,,,,Ásia,Afeganistão,33.9391,67.71,,,,,,,155.823
parceiro,IMP,2025,,,,Europa,Andorra,42.5063,1.5218,,,,,,,200.915
parceiro,IMP,2025,,,,África,Zimbabué,-19.0154,29.1549,,,,,,,13102.972
parceiro,IMP,2025,,,,África,Zâmbia,-13.1339,27.8493,,,,,,,10722.255
parceiro,IMP,2025,,,,África,Maurícias,-20.3484,57.5522,,,,,,,3675.929
parceiro,IMP,2025,,,,Europa,Estónia,58.5953,25.0136,,,,,,,36.069
parceiro,IMP,2025,,,,Europa,Polónia,51.9194,19.1451,,,,,,,10656.272
parceiro,IMP,2025,,,,América,Chile,-35.6751,-71.543,,,,,,,541.451
parceiro,IMP,2025,,,,Europa,Chipre,35.1264,33.4299,,,,,,,95.676
parceiro,IMP,2025,,,,Europa,Hungria,47.1625,19.5033,,,,,,,4167.044
parceiro,IMP,2025,,,,América,Paraguai,-23.4425,-58.4438,,,,,,,144.725
parceiro,IMP,2025,,,,Ásia,Iémen,15.5527,48.5164,,,,,,,35.78
parceiro,IMP,2025,,,,África,Marrocos,31.7917,-7.0926,,,,,,,1511.161
parceiro,IMP,2025,,,,África,Guiné,9.9456,-9.6966,,,,,,,0.994
parceiro,IMP,2025,,,,Ásia,Myanmar,21.9162,95.956,,,,,,,5543.984
parceiro,IMP,2025,,,,Ásia,Barém,26.0667,50.5577,,,,,,,54093.436
parceiro,IMP,2025,,,,Ásia,Irão,32.4279,53.688,,,,,,,17.495
parceiro,IMP,2025,,,,Europa,Eslovénia,46.1512,14.9955,,,,,,,28.963
parceiro,IMP,2025,,,,Oceânia,Tonga,-21.1789,-175.1982,,,,,,,9.254
parceiro,IMP,2025,,,,América,Trindade e Tobago,10.6918,-61.2225,,,,,,,20.851
parceiro,IMP,2025,,,,Europa,República Checa,49.8175,15.473,,,,,,,2226.128
parceiro,IMP,2025,,,,Oceânia,Novo Caledónia,-20.9043,165.618,,,,,,,0.479
parceiro,IMP,2025,,,,Europa,Grécia,39.0742,21.8243,,,,,,,27.788
parceiro,IMP,2025,,,,Europa,República Eslovaca,48.669,19.699,,,,,,,114.482
parceiro,IMP,2025,,,,Europa,Croácia,45.1,15.2,,,,,,,537.475
parceiro,IMP,2025,,,,África,Seicheles,-4.6796,55.492,,,,,,,2.059
parceiro,IMP,2025,,,,América,Ilhas Virgens Americanas,18.3358,-64.8963,,,,,,,114.111
parceiro,IMP,2025,,,,Europa,Macedónia do Norte,41.6086,21.7453,,,,,,,0.656
parceiro,IMP,2025,,,,África,Chade,15.4542,18.7322,,,,,,,90.011
parceiro,IMP,2025,,,,Europa,Sérvia,44.0165,21.0059,,,,,,,2.972
parceiro,IMP,2025,,,,América,Honduras,15.2,-86.2419,,,,,,,23.16
parceiro,IMP,2025,,,,América,Dominica,15.415,-61.371,,,,,,,8.98
parceiro,IMP,2025,,,,África,Território Britânico no Oceano,-6.3432,71.8765,,,,,,,5.549
parceiro,IMP,2025,,,,Europa,Reunião,-21.1151,55.5364,,,,,,,1.009
parceiro,IMP,2025,,,,América,República Dominicana,18.7357,-70.1627,,,,,,,4.141
parceiro,IMP,2025,,,,América,Venezuela,6.4238,-66.5897,,,,,,,4.396
parceiro,IMP,2025,,,,Oceânia,Pitcairn,-24.3768,-128.3242,,,,,,,0.243
parceiro,IMP,2025,,,,América,Belize,17.1899,-88.4976,,,,,,,0.212
parceiro,IMP,2025,,,,América,Antigua e Barbuda,17.0608,-61.7964,,,,,,,22.574
parceiro,IMP,2025,,,,América,Curaçao,12.1696,-68.99,,,,,,,73.833
parceiro,IMP,2025,,,,América,Jamaica,18.1096,-77.2975,,,,,,,24.858
parceiro,IMP,2025,,,,Oceânia,Ilhas Salomão,-9.6457,160.1562,,,,,,,2.679
parceiro,IMP,2025,,,,Europa,Jersey,49.2144,-2.1313,,,,,,,15.346
parceiro,IMP,2025,,,,Europa,Maiote,-12.8275,45.1662,,,,,,,0.909
parceiro,IMP,2025,,,,África,Congo,-0.228,15.8277,,,,,,,54.727
parceiro,IMP,2025,,,,Ásia,Koweit,29.3117,47.4818,,,,,,,18882.812
parceiro,IMP,2025,,,,África,Benin,9.3077,2.3158,,,,,,,6.24
parceiro,IMP,2025,,,,América,Haiti,18.9712,-72.2852,,,,,,,2.834
parceiro,IMP,2025,,,,África,Sudão do Sul,6.877,31.307,,,,,,,28.35
parceiro,IMP,2025,,,,América,Bahamas,25.0343,-77.3963,,,,,,,10.611
parceiro,IMP,2025,,,,Oceânia,Nova Zelândia,-40.9006,174.886,,,,,,,367.116
parceiro,IMP,2025,,,,Outros Países Não Classificados,Terras Austrais Francesas,-49.2804,69.3486,,,,,,,0.266
parceiro,IMP,2025,,,,Europa,Montenegro,42.7087,19.3744,,,,,,,0.183
parceiro,IMP,2025,,,,Oceânia,Vanuatu,-15.3767,166.9592,,,,,,,0.529
parceiro,IMP,2025,,,,Ásia,Quirguistão,41.2044,74.7661,,,,,,,0.013
parceiro,IMP,2025,,,,América,Porto Rico,18.2208,-66.5901,,,,,,,0.969
parceiro,IMP,2025,,,,Ásia,Maldivas,3.2028,73.2207,,,,,,,0.151
parceiro,IMP,2025,,,,América,São Martinho,18.0708,-63.0501,,,,,,,177.989
parceiro,IMP,2025,,,,Oceânia,Quiribati,1.4518,173.0373,,,,,,,1.089
parceiro,IMP,2025,,,,América,Costa Rica,9.7489,-83.7534,,,,,,,0.635
parceiro,IMP,2025,,,,África,Sudão,12.8628,30.2176,,,,,,,31.477
parceiro,IMP,2025,,,,Europa,Mónaco,43.7333,7.4167,,,,,,,10.965
parceiro,IMP,2025,,,,América,Ilhas Turks e Caicos,21.694,-71.7979,,,,,,,0.025
parceiro,IMP,2025,,,,Ásia,Síria,34.8021,38.9968,,,,,,,3.82
parceiro,IMP,2025,,,,África,Níger,17.6078,8.0817,,,,,,,27.348
parceiro,IMP,2025,,,,América,Peru,-9.1899,-75.0152,,,,,,,2.782
parceiro,IMP,2025,,,,América,Panamá,8.538,-80.7821,,,,,,,0.049
parceiro,IMP,2025,,,,Ásia,Uzbequistão,41.3775,64.5853,,,,,,,74.201
parceiro,IMP,2025,,,,África,Comores,-11.6455,43.3333,,,,,,,0.675
parceiro,IMP,2025,,,,América,Bolívia,-16.2902,-63.5887,,,,,,,0.054
parceiro,IMP,2025,,,,América,Equador,-1.8312,-78.1834,,,,,,,0.483
parceiro,IMP,2025,,,,Oceânia,Ilhas Marshall,7.1315,171.1845,,,,,,,1.38
parceiro,IMP,2025,,,,América,Anguila,18.2206,-63.0686,,,,,,,5.555
parceiro,IMP,2025,,,,Ásia,Timor-Leste,-8.8742,125.7275,,,,,,,0.984
parceiro,IMP,2025,,,,América,Aruba,12.5211,-69.9683,,,,,,,0.111
parceiro,IMP,2025,,,,Oceânia,Ilhas Cocos (Keeling),-12.1642,96.871,,,,,,,0.036
parceiro,IMP,2025,,,,América,Suriname,3.9193,-56.0278,,,,,,,1.125
provincia,EXP,2022,,,,,,,,MAPUTO CIDADE,,,,,,548787.528
provincia,EXP,2023,,,,,,,,MAPUTO CIDADE,,,,,,477385.201
provincia,EXP,2025,,,,,,,,MAPUTO CIDADE,,,,,,550499.945
provincia,EXP,2024,,,,,,,,MAPUTO CIDADE,,,,,,565979.17
provincia,EXP,2025,,,,,,,,MANICA,,,,,,57704.35
provincia,EXP,2024,,,,,,,,CABO DELGADO,,,,,,1443171.334
provincia,EXP,2023,,,,,,,,MANICA,,,,,,38903.723
provincia,EXP,2023,,,,,,,,TETE,,,,,,180862.676
provincia,EXP,2022,,,,,,,,NAMPULA,,,,,,3218315.974
provincia,EXP,2022,,,,,,,,TETE,,,,,,196182.51
provincia,EXP,2022,,,,,,,,CABO DELGADO,,,,,,330223.94
provincia,EXP,2025,,,,,,,,INHAMBANE,,,,,,469306.541
provincia,EXP,2025,,,,,,,,MAPUTO PROV,,,,,,879207.47
provincia,EXP,2025,,,,,,,,NAMPULA,,,,,,2333709.879
provincia,EXP,2025,,,,,,,,TETE,,,,,,316131.063
provincia,EXP,2025,,,,,,,,NIASSA,,,,,,4056.63
provincia,EXP,2025,,,,,,,,SOFALA,,,,,,374346.303
provincia,EXP,2022,,,,,,,,MAPUTO PROVÍNCIA,,,,,,2323531.305
provincia,EXP,2022,,,,,,,,INHAMBANE,,,,,,459747.906
provincia,EXP,2022,,,,,,,,MANICA,,,,,,115401.87
provincia,EXP,2022,,,,,,,,NIASSA,,,,,,4268.202
provincia,EXP,2022,,,,,,,,SOFALA,,,,,,976065.409
provincia,EXP,2025,,,,,,,,MAPUTO PROVÍNCIA,,,,,,438544.132
provincia,EXP,2025,,,,,,,,CABO DELGADO,,,,,,1903504.772
provincia,EXP,2024,,,,,,,,INHAMBANE,,,,,,439147.948
provincia,EXP,2024,,,,,,,,NAMPULA,,,,,,2631008.975
provincia,EXP,2023,,,,,,,,NAMPULA,,,,,,2874138.181
provincia,EXP,2023,,,,,,,,INHAMBANE,,,,,,373600.125
provincia,EXP,2024,,,,,,,,MAPUTO PROVÍNCIA,,,,,,1612781.833
provincia,EXP,2024,,,,,,,,TETE,,,,,,258734.995
provincia,EXP,2023,,,,,,,,MAPUTO PROVÍNCIA,,,,,,1669105.398
provincia,EXP,2024,,,,,,,,MANICA,,,,,,42984.842
provincia,EXP,2023,,,,,,,,CABO DELGADO,,,,,,1586819.229
provincia,EXP,2024,,,,,,,,SOFALA,,,,,,594331.301
provincia,EXP,2022,,,,,,,,GAZA,,,,,,12812.246
provincia,EXP,2023,,,,,,,,SOFALA,,,,,,649634.465
provincia,EXP,2023,,,,,,,,ZAMBÉZIA,,,,,,122348.971
provincia,EXP,2025,,,,,,,,ZAMBEZIA,,,,,,123278.21
provincia,EXP,2024,,,,,,,,ZAMBÉZIA,,,,,,116367.939
provincia,EXP,2024,,,,,,,,NIASSA,,,,,,4010.231
provincia,EXP,2023,,,,,,,,NIASSA,,,,,,1373.823
provincia,EXP,2022,,,,,,,,ZAMBÉZIA,,,,,,95523.792
provincia,EXP,2025,,,,,,,,ZAMBÉZIA,,,,,,52006.707
provincia,EXP,2023,,,,,,,,GAZA,,,,,,2330.151
provincia,EXP,2025,,,,,,,,GAZA,,,,,,603.487
provincia,EXP,2024,,,,,,,,GAZA,,,,,,0.012
provincia,IMP,2022,,,,,,,,MAPUTO PROVÍNCIA,,,,,,3910490.679
provincia,IMP,2022,,,,,,,,MAPUTO CIDADE,,,,,,2336486.159
provincia,IMP,2022,,,,,,,,SOFALA,,,,,,1755975.673
provincia,IMP,2022,,,,,,,,CABO DELGADO,,,,,,4788051.075
provincia,IMP,2022,,,,,,,,NIASSA,,,,,,6212.891
provincia,IMP,2022,,,,,,,,INHAMBANE,,,,,,8012.103
provincia,IMP,2022,,,,,,,,TETE,,,,,,303186.221
provincia,IMP,2022,,,,,,,,NAMPULA,,,,,,1405518.505
provincia,IMP,2022,,,,,,,,GAZA,,,,,,4384.248
provincia,IMP,2022,,,,,,,,MANICA,,,,,,73836.17
provincia,IMP,2022,,,,,,,,ZAMBÉZIA,,,,,,78816.353
provincia,IMP,2023,,,,,,,,MAPUTO PROVÍNCIA,,,,,,3343567.833
provincia,IMP,2023,,,,,,,,MAPUTO CIDADE,,,,,,2828883.464
provincia,IMP,2023,,,,,,,,SOFALA,,,,,,1702522.122
provincia,IMP,2023,,,,,,,,NAMPULA,,,,,,1422337.765
provincia,IMP,2023,,,,,,,,CABO DELGADO,,,,,,140393.491
provincia,IMP,2023,,,,,,,,ZAMBÉZIA,,,,,,90710.282
provincia,IMP,2023,,,,,,,,MANICA,,,,,,88031.19
provincia,IMP,2023,,,,,,,,TETE,,,,,,309555.478
provincia,IMP,2023,,,,,,,,NIASSA,,,,,,30295.487
provincia,IMP,2023,,,,,,,,GAZA,,,,,,6172.186
provincia,IMP,2023,,,,,,,,INHAMBANE,,,,,,10763.681
provincia,IMP,2024,,,,,,,,MAPUTO PROVÍNCIA,,,,,,3079325.161
provincia,IMP,2024,,,,,,,,MANICA,,,,,,105910.535
provincia,IMP,2024,,,,,,,,MAPUTO CIDADE,,,,,,2343853.652
provincia,IMP,2024,,,,,,,,NAMPULA,,,,,,1466287.338
provincia,IMP,2024,,,,,,,,TETE,,,,,,330253.979
provincia,IMP,2024,,,,,,,,ZAMBÉZIA,,,,,,68509.616
provincia,IMP,2024,,,,,,,,SOFALA,,,,,,1557829.718
provincia,IMP,2024,,,,,,,,NIASSA,,,,,,11916.663
provincia,IMP,2024,,,,,,,,GAZA,,,,,,4734.595
provincia,IMP,2024,,,,,,,,CABO DELGADO,,,,,,147298.153
provincia,IMP,2024,,,,,,,,INHAMBANE,,,,,,9021.106
provincia,IMP,2025,,,,,,,,CABO DELGADO,,,,,,170005.547
provincia,IMP,2025,,,,,,,,GAZA,,,,,,12773.196
provincia,IMP,2025,,,,,,,,INHAMBANE,,,,,,11182.423
provincia,IMP,2025,,,,,,,,MANICA,,,,,,110707.154
provincia,IMP,2025,,,,,,,,MAPUTO CIDADE,,,,,,1984837.313
provincia,IMP,2025,,,,,,,,MAPUTO PROV,,,,,,1376251.793
provincia,IMP,2025,,,,,,,,NAMPULA,,,,,,1454603.571
provincia,IMP,2025,,,,,,,,NIASSA,,,,,,13698.342
provincia,IMP,2025,,,,,,,,SOFALA,,,,,,1631718.005
provincia,IMP,2025,,,,,,,,TETE,,,,,,271909.673
provincia,IMP,2025,,,,,,,,ZAMBEZIA,,,,,,50467.403
provincia,IMP,2025,,,,,,,,MAPUTO PROVÍNCIA,,,,,,1148010.803
provincia,IMP,2025,,,,,,,,ZAMBÉZIA,,,,,,5945.971